priority_batch	priority_rank	track	indicator	file	line	preliminary_risk	triage_focus	required_manual_check	candidate_future_action
B1	1	Secrets Review	POSSIBLE_SECRET_WORDING	20260708_vvip_tiger_profiles_remove_legacy_auth_uid_policies.sql	2	High	Identity, session, login, or private profile boundary	Confirm no token, JWT, session object, private profile data, or auth state is exposed	Potential future hardening PR if confirmed risky
B1	2	Secrets Review	POSSIBLE_SECRET_WORDING	20260708_vvip_tiger_public_profiles_clerk_runtime_fix.sql	47	High	Identity, session, login, or private profile boundary	Confirm no token, JWT, session object, private profile data, or auth state is exposed	Potential future hardening PR if confirmed risky
B1	3	Secrets Review	POSSIBLE_SECRET_WORDING	20260708_vvip_tiger_public_profiles_clerk_runtime_fix.sql	65	High	Identity, session, login, or private profile boundary	Confirm no token, JWT, session object, private profile data, or auth state is exposed	Potential future hardening PR if confirmed risky
B1	4	Secrets Review	POSSIBLE_SECRET_WORDING	20260708_vvip_tiger_public_profiles_clerk_runtime_fix.sql	83	High	Identity, session, login, or private profile boundary	Confirm no token, JWT, session object, private profile data, or auth state is exposed	Potential future hardening PR if confirmed risky
B1	5	Secrets Review	POSSIBLE_SECRET_WORDING	20260708_vvip_tiger_public_profiles_clerk_runtime_fix.sql	84	High	Identity, session, login, or private profile boundary	Confirm no token, JWT, session object, private profile data, or auth state is exposed	Potential future hardening PR if confirmed risky
B1	6	Logging Review	CONSOLE_LOGGING	approved/auth-clerk-index-before-profile-button-fix-20260707.js	5	High	Identity, session, login, or private profile boundary	Confirm no token, JWT, session object, private profile data, or auth state is exposed	Potential future hardening PR if confirmed risky
B1	7	Logging Review	CONSOLE_LOGGING	approved/auth-clerk-index-before-profile-button-fix-20260707.js	88	High	Identity, session, login, or private profile boundary	Confirm no token, JWT, session object, private profile data, or auth state is exposed	Potential future hardening PR if confirmed risky
B1	8	Logging Review	CONSOLE_LOGGING	approved/auth-clerk-index-before-vvip-gate-login-20260707.js	5	High	Identity, session, login, or private profile boundary	Confirm no token, JWT, session object, private profile data, or auth state is exposed	Potential future hardening PR if confirmed risky
B1	9	Logging Review	CONSOLE_LOGGING	approved/auth-clerk-index-before-vvip-gate-login-20260707.js	110	High	Identity, session, login, or private profile boundary	Confirm no token, JWT, session object, private profile data, or auth state is exposed	Potential future hardening PR if confirmed risky
B1	10	Logging Review	CONSOLE_LOGGING	approved/clerk-private-profile-before-official-ui-20260707.html	306	High	Identity, session, login, or private profile boundary	Confirm no token, JWT, session object, private profile data, or auth state is exposed	Potential future hardening PR if confirmed risky
B1	11	Logging Review	CONSOLE_LOGGING	approved/clerk-private-profile-before-supabase-bridge-20260707.html	170	High	Identity, session, login, or private profile boundary	Confirm no token, JWT, session object, private profile data, or auth state is exposed	Potential future hardening PR if confirmed risky
B1	12	Logging Review	CONSOLE_LOGGING	approved/clerk-private-profile-before-tiger-care-card-20260707.html	824	High	Identity, session, login, or private profile boundary	Confirm no token, JWT, session object, private profile data, or auth state is exposed	Potential future hardening PR if confirmed risky
B1	13	Logging Review	CONSOLE_LOGGING	approved/clerk-private-profile-before-vip-membership-center-20260707.html	707	High	Identity, session, login, or private profile boundary	Confirm no token, JWT, session object, private profile data, or auth state is exposed	Potential future hardening PR if confirmed risky
B1	14	Secrets Review	POSSIBLE_SECRET_WORDING	approved/index-before-supabase-auth-20260704-191914.html	59	High	Identity, session, login, or private profile boundary	Confirm no token, JWT, session object, private profile data, or auth state is exposed	Potential future hardening PR if confirmed risky
B1	15	Secrets Review	POSSIBLE_SECRET_WORDING	approved/index-before-supabase-auth-20260704-191914.html	61	High	Identity, session, login, or private profile boundary	Confirm no token, JWT, session object, private profile data, or auth state is exposed	Potential future hardening PR if confirmed risky
B1	16	Secrets Review	POSSIBLE_SECRET_WORDING	approved/index-before-supabase-auth-20260704-191914.html	66	High	Identity, session, login, or private profile boundary	Confirm no token, JWT, session object, private profile data, or auth state is exposed	Potential future hardening PR if confirmed risky
B1	17	Secrets Review	POSSIBLE_SECRET_WORDING	approved/index-before-supabase-auth-20260704-191914.html	67	High	Identity, session, login, or private profile boundary	Confirm no token, JWT, session object, private profile data, or auth state is exposed	Potential future hardening PR if confirmed risky
B1	18	Secrets Review	POSSIBLE_SECRET_WORDING	approved/index-before-supabase-auth-20260704-191914.html	111	High	Identity, session, login, or private profile boundary	Confirm no token, JWT, session object, private profile data, or auth state is exposed	Potential future hardening PR if confirmed risky
B1	19	Secrets Review	POSSIBLE_SECRET_WORDING	approved/index-before-supabase-auth-20260704-192024.html	59	High	Identity, session, login, or private profile boundary	Confirm no token, JWT, session object, private profile data, or auth state is exposed	Potential future hardening PR if confirmed risky
B1	20	Secrets Review	POSSIBLE_SECRET_WORDING	approved/index-before-supabase-auth-20260704-192024.html	61	High	Identity, session, login, or private profile boundary	Confirm no token, JWT, session object, private profile data, or auth state is exposed	Potential future hardening PR if confirmed risky
B1	21	Secrets Review	POSSIBLE_SECRET_WORDING	approved/index-before-supabase-auth-20260704-192024.html	66	High	Identity, session, login, or private profile boundary	Confirm no token, JWT, session object, private profile data, or auth state is exposed	Potential future hardening PR if confirmed risky
B1	22	Secrets Review	POSSIBLE_SECRET_WORDING	approved/index-before-supabase-auth-20260704-192024.html	67	High	Identity, session, login, or private profile boundary	Confirm no token, JWT, session object, private profile data, or auth state is exposed	Potential future hardening PR if confirmed risky
B1	23	Secrets Review	POSSIBLE_SECRET_WORDING	approved/index-before-supabase-auth-20260704-192024.html	111	High	Identity, session, login, or private profile boundary	Confirm no token, JWT, session object, private profile data, or auth state is exposed	Potential future hardening PR if confirmed risky
B1	24	Secrets Review	POSSIBLE_SECRET_WORDING	approved/index-before-vvip-gate-login-20260707.html	59	High	Identity, session, login, or private profile boundary	Confirm no token, JWT, session object, private profile data, or auth state is exposed	Potential future hardening PR if confirmed risky
B1	25	Secrets Review	POSSIBLE_SECRET_WORDING	approved/index-before-vvip-gate-login-20260707.html	61	High	Identity, session, login, or private profile boundary	Confirm no token, JWT, session object, private profile data, or auth state is exposed	Potential future hardening PR if confirmed risky
B1	26	Secrets Review	POSSIBLE_SECRET_WORDING	approved/index-before-vvip-gate-login-20260707.html	66	High	Identity, session, login, or private profile boundary	Confirm no token, JWT, session object, private profile data, or auth state is exposed	Potential future hardening PR if confirmed risky
B1	27	Secrets Review	POSSIBLE_SECRET_WORDING	approved/index-before-vvip-gate-login-20260707.html	67	High	Identity, session, login, or private profile boundary	Confirm no token, JWT, session object, private profile data, or auth state is exposed	Potential future hardening PR if confirmed risky
B1	28	Secrets Review	POSSIBLE_SECRET_WORDING	approved/index-before-vvip-gate-login-20260707.html	111	High	Identity, session, login, or private profile boundary	Confirm no token, JWT, session object, private profile data, or auth state is exposed	Potential future hardening PR if confirmed risky
B1	29	Secrets Review	POSSIBLE_SECRET_WORDING	approved/index-supabase-auth-approved.html	59	High	Identity, session, login, or private profile boundary	Confirm no token, JWT, session object, private profile data, or auth state is exposed	Potential future hardening PR if confirmed risky
B1	30	Secrets Review	POSSIBLE_SECRET_WORDING	approved/index-supabase-auth-approved.html	61	High	Identity, session, login, or private profile boundary	Confirm no token, JWT, session object, private profile data, or auth state is exposed	Potential future hardening PR if confirmed risky
B1	31	Secrets Review	POSSIBLE_SECRET_WORDING	approved/index-supabase-auth-approved.html	66	High	Identity, session, login, or private profile boundary	Confirm no token, JWT, session object, private profile data, or auth state is exposed	Potential future hardening PR if confirmed risky
B1	32	Secrets Review	POSSIBLE_SECRET_WORDING	approved/index-supabase-auth-approved.html	67	High	Identity, session, login, or private profile boundary	Confirm no token, JWT, session object, private profile data, or auth state is exposed	Potential future hardening PR if confirmed risky
B1	33	Secrets Review	POSSIBLE_SECRET_WORDING	approved/index-supabase-auth-approved.html	111	High	Identity, session, login, or private profile boundary	Confirm no token, JWT, session object, private profile data, or auth state is exposed	Potential future hardening PR if confirmed risky
B1	34	Secrets Review	POSSIBLE_SECRET_WORDING	approved/index-supabase-auth-final.html	59	High	Identity, session, login, or private profile boundary	Confirm no token, JWT, session object, private profile data, or auth state is exposed	Potential future hardening PR if confirmed risky
B1	35	Secrets Review	POSSIBLE_SECRET_WORDING	approved/index-supabase-auth-final.html	61	High	Identity, session, login, or private profile boundary	Confirm no token, JWT, session object, private profile data, or auth state is exposed	Potential future hardening PR if confirmed risky
B1	36	Secrets Review	POSSIBLE_SECRET_WORDING	approved/index-supabase-auth-final.html	66	High	Identity, session, login, or private profile boundary	Confirm no token, JWT, session object, private profile data, or auth state is exposed	Potential future hardening PR if confirmed risky
B1	37	Secrets Review	POSSIBLE_SECRET_WORDING	approved/index-supabase-auth-final.html	67	High	Identity, session, login, or private profile boundary	Confirm no token, JWT, session object, private profile data, or auth state is exposed	Potential future hardening PR if confirmed risky
B1	38	Secrets Review	POSSIBLE_SECRET_WORDING	approved/index-supabase-auth-final.html	111	High	Identity, session, login, or private profile boundary	Confirm no token, JWT, session object, private profile data, or auth state is exposed	Potential future hardening PR if confirmed risky
B1	39	Logging Review	CONSOLE_LOGGING	approved/legacy-auth-audit-7-1/clerk-private-profile-before-linkrel-fix-20260708.html	1032	High	Identity, session, login, or private profile boundary	Confirm no token, JWT, session object, private profile data, or auth state is exposed	Potential future hardening PR if confirmed risky
B1	40	Secrets Review	POSSIBLE_SECRET_WORDING	approved/legacy-auth-redirect-7-1/sw-before-legacy-auth-audit-20260708.js	8	High	Identity, session, login, or private profile boundary	Confirm no token, JWT, session object, private profile data, or auth state is exposed	Potential future hardening PR if confirmed risky
B1	41	Secrets Review	POSSIBLE_SECRET_WORDING	approved/legacy-auth-redirect-7-1/sw-before-legacy-auth-audit-20260708.js	12	High	Identity, session, login, or private profile boundary	Confirm no token, JWT, session object, private profile data, or auth state is exposed	Potential future hardening PR if confirmed risky
B1	42	Logging Review	CONSOLE_LOGGING	approved/require-auth-approved.js	6	High	Identity, session, login, or private profile boundary	Confirm no token, JWT, session object, private profile data, or auth state is exposed	Potential future hardening PR if confirmed risky
B1	43	Logging Review	CONSOLE_LOGGING	approved/require-auth-approved.js	14	High	Identity, session, login, or private profile boundary	Confirm no token, JWT, session object, private profile data, or auth state is exposed	Potential future hardening PR if confirmed risky
B1	44	Logging Review	CONSOLE_LOGGING	approved/require-auth-approved.js	20	High	Identity, session, login, or private profile boundary	Confirm no token, JWT, session object, private profile data, or auth state is exposed	Potential future hardening PR if confirmed risky
B1	45	Logging Review	CONSOLE_LOGGING	approved/require-auth-approved.js	25	High	Identity, session, login, or private profile boundary	Confirm no token, JWT, session object, private profile data, or auth state is exposed	Potential future hardening PR if confirmed risky
B1	46	Logging Review	CONSOLE_LOGGING	approved/require-auth-approved.js	27	High	Identity, session, login, or private profile boundary	Confirm no token, JWT, session object, private profile data, or auth state is exposed	Potential future hardening PR if confirmed risky
B1	47	Logging Review	CONSOLE_LOGGING	approved/require-auth-final.js	6	High	Identity, session, login, or private profile boundary	Confirm no token, JWT, session object, private profile data, or auth state is exposed	Potential future hardening PR if confirmed risky
B1	48	Logging Review	CONSOLE_LOGGING	approved/require-auth-final.js	14	High	Identity, session, login, or private profile boundary	Confirm no token, JWT, session object, private profile data, or auth state is exposed	Potential future hardening PR if confirmed risky
B1	49	Logging Review	CONSOLE_LOGGING	approved/require-auth-final.js	20	High	Identity, session, login, or private profile boundary	Confirm no token, JWT, session object, private profile data, or auth state is exposed	Potential future hardening PR if confirmed risky
B1	50	Logging Review	CONSOLE_LOGGING	approved/require-auth-final.js	25	High	Identity, session, login, or private profile boundary	Confirm no token, JWT, session object, private profile data, or auth state is exposed	Potential future hardening PR if confirmed risky
B1	51	Logging Review	CONSOLE_LOGGING	approved/require-auth-final.js	27	High	Identity, session, login, or private profile boundary	Confirm no token, JWT, session object, private profile data, or auth state is exposed	Potential future hardening PR if confirmed risky
B1	52	Secrets Review	POSSIBLE_SECRET_WORDING	approved/service-worker-clerk-cache-7-1/sw-before-clerk-cache-cleanup-20260708.js	8	High	Identity, session, login, or private profile boundary	Confirm no token, JWT, session object, private profile data, or auth state is exposed	Potential future hardening PR if confirmed risky
B1	53	Secrets Review	POSSIBLE_SECRET_WORDING	approved/service-worker-clerk-cache-7-1/sw-before-clerk-cache-cleanup-20260708.js	12	High	Identity, session, login, or private profile boundary	Confirm no token, JWT, session object, private profile data, or auth state is exposed	Potential future hardening PR if confirmed risky
B1	54	Secrets Review	POSSIBLE_SECRET_WORDING	approved/styles-before-vvip-gate-login-20260707.css	203	High	Identity, session, login, or private profile boundary	Confirm no token, JWT, session object, private profile data, or auth state is exposed	Potential future hardening PR if confirmed risky
B1	55	Secrets Review	POSSIBLE_SECRET_WORDING	approved/supabase-auth-bridge-approved.js	33	High	Identity, session, login, or private profile boundary	Confirm no token, JWT, session object, private profile data, or auth state is exposed	Potential future hardening PR if confirmed risky
B1	56	Secrets Review	POSSIBLE_SECRET_WORDING	approved/supabase-auth-bridge-approved.js	71	High	Identity, session, login, or private profile boundary	Confirm no token, JWT, session object, private profile data, or auth state is exposed	Potential future hardening PR if confirmed risky
B1	57	Secrets Review	POSSIBLE_SECRET_WORDING	approved/supabase-auth-bridge-approved.js	79	High	Identity, session, login, or private profile boundary	Confirm no token, JWT, session object, private profile data, or auth state is exposed	Potential future hardening PR if confirmed risky
B1	58	Secrets Review	POSSIBLE_SECRET_WORDING	approved/supabase-auth-bridge-approved.js	85	High	Identity, session, login, or private profile boundary	Confirm no token, JWT, session object, private profile data, or auth state is exposed	Potential future hardening PR if confirmed risky
B1	59	Secrets Review	POSSIBLE_SECRET_WORDING	approved/supabase-auth-bridge-approved.js	87	High	Identity, session, login, or private profile boundary	Confirm no token, JWT, session object, private profile data, or auth state is exposed	Potential future hardening PR if confirmed risky
B1	60	Secrets Review	POSSIBLE_SECRET_WORDING	approved/supabase-auth-bridge-approved.js	109	High	Identity, session, login, or private profile boundary	Confirm no token, JWT, session object, private profile data, or auth state is exposed	Potential future hardening PR if confirmed risky
B1	61	Logging Review	CONSOLE_LOGGING	approved/supabase-auth-bridge-approved.js	117	High	Identity, session, login, or private profile boundary	Confirm no token, JWT, session object, private profile data, or auth state is exposed	Potential future hardening PR if confirmed risky
B1	62	Logging Review	CONSOLE_LOGGING	approved/supabase-auth-bridge-approved.js	120	High	Identity, session, login, or private profile boundary	Confirm no token, JWT, session object, private profile data, or auth state is exposed	Potential future hardening PR if confirmed risky
B1	63	Secrets Review	POSSIBLE_SECRET_WORDING	approved/supabase-auth-bridge-approved.js	153	High	Identity, session, login, or private profile boundary	Confirm no token, JWT, session object, private profile data, or auth state is exposed	Potential future hardening PR if confirmed risky
B1	64	Logging Review	CONSOLE_LOGGING	approved/supabase-auth-bridge-approved.js	163	High	Identity, session, login, or private profile boundary	Confirm no token, JWT, session object, private profile data, or auth state is exposed	Potential future hardening PR if confirmed risky
B1	65	Secrets Review	POSSIBLE_SECRET_WORDING	approved/supabase-auth-bridge-final.js	33	High	Identity, session, login, or private profile boundary	Confirm no token, JWT, session object, private profile data, or auth state is exposed	Potential future hardening PR if confirmed risky
B1	66	Secrets Review	POSSIBLE_SECRET_WORDING	approved/supabase-auth-bridge-final.js	71	High	Identity, session, login, or private profile boundary	Confirm no token, JWT, session object, private profile data, or auth state is exposed	Potential future hardening PR if confirmed risky
B1	67	Secrets Review	POSSIBLE_SECRET_WORDING	approved/supabase-auth-bridge-final.js	79	High	Identity, session, login, or private profile boundary	Confirm no token, JWT, session object, private profile data, or auth state is exposed	Potential future hardening PR if confirmed risky
B1	68	Secrets Review	POSSIBLE_SECRET_WORDING	approved/supabase-auth-bridge-final.js	85	High	Identity, session, login, or private profile boundary	Confirm no token, JWT, session object, private profile data, or auth state is exposed	Potential future hardening PR if confirmed risky
B1	69	Secrets Review	POSSIBLE_SECRET_WORDING	approved/supabase-auth-bridge-final.js	87	High	Identity, session, login, or private profile boundary	Confirm no token, JWT, session object, private profile data, or auth state is exposed	Potential future hardening PR if confirmed risky
B1	70	Secrets Review	POSSIBLE_SECRET_WORDING	approved/supabase-auth-bridge-final.js	109	High	Identity, session, login, or private profile boundary	Confirm no token, JWT, session object, private profile data, or auth state is exposed	Potential future hardening PR if confirmed risky
B1	71	Logging Review	CONSOLE_LOGGING	approved/supabase-auth-bridge-final.js	117	High	Identity, session, login, or private profile boundary	Confirm no token, JWT, session object, private profile data, or auth state is exposed	Potential future hardening PR if confirmed risky
B1	72	Logging Review	CONSOLE_LOGGING	approved/supabase-auth-bridge-final.js	120	High	Identity, session, login, or private profile boundary	Confirm no token, JWT, session object, private profile data, or auth state is exposed	Potential future hardening PR if confirmed risky
B1	73	Secrets Review	POSSIBLE_SECRET_WORDING	approved/supabase-auth-bridge-final.js	153	High	Identity, session, login, or private profile boundary	Confirm no token, JWT, session object, private profile data, or auth state is exposed	Potential future hardening PR if confirmed risky
B1	74	Logging Review	CONSOLE_LOGGING	approved/supabase-auth-bridge-final.js	163	High	Identity, session, login, or private profile boundary	Confirm no token, JWT, session object, private profile data, or auth state is exposed	Potential future hardening PR if confirmed risky
B1	75	Logging Review	CONSOLE_LOGGING	approved/visual-identity-pass-7-1/clerk-private-profile-before-visual-identity-20260708.html	1031	High	Identity, session, login, or private profile boundary	Confirm no token, JWT, session object, private profile data, or auth state is exposed	Potential future hardening PR if confirmed risky
B1	76	Logging Review	CONSOLE_LOGGING	auth-clerk-index.js	5	High	Identity, session, login, or private profile boundary	Confirm no token, JWT, session object, private profile data, or auth state is exposed	Potential future hardening PR if confirmed risky
B1	77	Logging Review	CONSOLE_LOGGING	auth-clerk-index.js	122	High	Identity, session, login, or private profile boundary	Confirm no token, JWT, session object, private profile data, or auth state is exposed	Potential future hardening PR if confirmed risky
B1	78	Secrets Review	POSSIBLE_SECRET_WORDING	auth-supabase.js	53	High	Identity, session, login, or private profile boundary	Confirm no token, JWT, session object, private profile data, or auth state is exposed	Potential future hardening PR if confirmed risky
B1	79	Secrets Review	POSSIBLE_SECRET_WORDING	auth-supabase.js	61	High	Identity, session, login, or private profile boundary	Confirm no token, JWT, session object, private profile data, or auth state is exposed	Potential future hardening PR if confirmed risky
B1	80	Secrets Review	POSSIBLE_SECRET_WORDING	auth-supabase.js	102	High	Identity, session, login, or private profile boundary	Confirm no token, JWT, session object, private profile data, or auth state is exposed	Potential future hardening PR if confirmed risky
B1	81	Secrets Review	POSSIBLE_SECRET_WORDING	auth-supabase.js	110	High	Identity, session, login, or private profile boundary	Confirm no token, JWT, session object, private profile data, or auth state is exposed	Potential future hardening PR if confirmed risky
B1	82	Secrets Review	POSSIBLE_SECRET_WORDING	auth-supabase.js	127	High	Identity, session, login, or private profile boundary	Confirm no token, JWT, session object, private profile data, or auth state is exposed	Potential future hardening PR if confirmed risky
B1	83	Logging Review	CONSOLE_LOGGING	auth-supabase.js	145	High	Identity, session, login, or private profile boundary	Confirm no token, JWT, session object, private profile data, or auth state is exposed	Potential future hardening PR if confirmed risky
B1	84	Secrets Review	POSSIBLE_SECRET_WORDING	auth-supabase.js	171	High	Identity, session, login, or private profile boundary	Confirm no token, JWT, session object, private profile data, or auth state is exposed	Potential future hardening PR if confirmed risky
B1	85	Secrets Review	POSSIBLE_SECRET_WORDING	auth-supabase.js	174	High	Identity, session, login, or private profile boundary	Confirm no token, JWT, session object, private profile data, or auth state is exposed	Potential future hardening PR if confirmed risky
B1	86	Secrets Review	POSSIBLE_SECRET_WORDING	auth-supabase.js	187	High	Identity, session, login, or private profile boundary	Confirm no token, JWT, session object, private profile data, or auth state is exposed	Potential future hardening PR if confirmed risky
B1	87	Secrets Review	POSSIBLE_SECRET_WORDING	auth-supabase.js	192	High	Identity, session, login, or private profile boundary	Confirm no token, JWT, session object, private profile data, or auth state is exposed	Potential future hardening PR if confirmed risky
B1	88	Secrets Review	POSSIBLE_SECRET_WORDING	auth.js	70	High	Identity, session, login, or private profile boundary	Confirm no token, JWT, session object, private profile data, or auth state is exposed	Potential future hardening PR if confirmed risky
B1	89	Secrets Review	POSSIBLE_SECRET_WORDING	auth.js	84	High	Identity, session, login, or private profile boundary	Confirm no token, JWT, session object, private profile data, or auth state is exposed	Potential future hardening PR if confirmed risky
B1	90	Secrets Review	POSSIBLE_SECRET_WORDING	auth.js	88	High	Identity, session, login, or private profile boundary	Confirm no token, JWT, session object, private profile data, or auth state is exposed	Potential future hardening PR if confirmed risky
B1	91	Secrets Review	POSSIBLE_SECRET_WORDING	auth.js	91	High	Identity, session, login, or private profile boundary	Confirm no token, JWT, session object, private profile data, or auth state is exposed	Potential future hardening PR if confirmed risky
B1	92	Secrets Review	POSSIBLE_SECRET_WORDING	auth.js	183	High	Identity, session, login, or private profile boundary	Confirm no token, JWT, session object, private profile data, or auth state is exposed	Potential future hardening PR if confirmed risky
B1	93	Logging Review	CONSOLE_LOGGING	auth.js	340	High	Identity, session, login, or private profile boundary	Confirm no token, JWT, session object, private profile data, or auth state is exposed	Potential future hardening PR if confirmed risky
B1	94	Logging Review	CONSOLE_LOGGING	auth.js	363	High	Identity, session, login, or private profile boundary	Confirm no token, JWT, session object, private profile data, or auth state is exposed	Potential future hardening PR if confirmed risky
B1	95	Secrets Review	POSSIBLE_SECRET_WORDING	auth.js	421	High	Identity, session, login, or private profile boundary	Confirm no token, JWT, session object, private profile data, or auth state is exposed	Potential future hardening PR if confirmed risky
B1	96	Secrets Review	POSSIBLE_SECRET_WORDING	auth.js	422	High	Identity, session, login, or private profile boundary	Confirm no token, JWT, session object, private profile data, or auth state is exposed	Potential future hardening PR if confirmed risky
B1	97	Secrets Review	POSSIBLE_SECRET_WORDING	auth.js	423	High	Identity, session, login, or private profile boundary	Confirm no token, JWT, session object, private profile data, or auth state is exposed	Potential future hardening PR if confirmed risky
B1	98	Secrets Review	POSSIBLE_SECRET_WORDING	auth.js	428	High	Identity, session, login, or private profile boundary	Confirm no token, JWT, session object, private profile data, or auth state is exposed	Potential future hardening PR if confirmed risky
B1	99	Logging Review	CONSOLE_LOGGING	auth.js	442	High	Identity, session, login, or private profile boundary	Confirm no token, JWT, session object, private profile data, or auth state is exposed	Potential future hardening PR if confirmed risky
B1	100	Logging Review	CONSOLE_LOGGING	auth.js	448	High	Identity, session, login, or private profile boundary	Confirm no token, JWT, session object, private profile data, or auth state is exposed	Potential future hardening PR if confirmed risky
B1	101	Secrets Review	POSSIBLE_SECRET_WORDING	auth.js	451	High	Identity, session, login, or private profile boundary	Confirm no token, JWT, session object, private profile data, or auth state is exposed	Potential future hardening PR if confirmed risky
B1	102	Secrets Review	POSSIBLE_SECRET_WORDING	auth.js	452	High	Identity, session, login, or private profile boundary	Confirm no token, JWT, session object, private profile data, or auth state is exposed	Potential future hardening PR if confirmed risky
B1	103	Secrets Review	POSSIBLE_SECRET_WORDING	auth.js	457	High	Identity, session, login, or private profile boundary	Confirm no token, JWT, session object, private profile data, or auth state is exposed	Potential future hardening PR if confirmed risky
B1	104	Logging Review	CONSOLE_LOGGING	backups/clerk-private-profile.before-atomic-profile-resolver.html	707	High	Identity, session, login, or private profile boundary	Confirm no token, JWT, session object, private profile data, or auth state is exposed	Potential future hardening PR if confirmed risky
B1	105	Secrets Review	POSSIBLE_SECRET_WORDING	backups/clerk-private-profile.before-atomic-profile-resolver.html	707	High	Identity, session, login, or private profile boundary	Confirm no token, JWT, session object, private profile data, or auth state is exposed	Potential future hardening PR if confirmed risky
B1	106	Secrets Review	POSSIBLE_SECRET_WORDING	backups/clerk-private-profile.before-atomic-profile-resolver.html	712	High	Identity, session, login, or private profile boundary	Confirm no token, JWT, session object, private profile data, or auth state is exposed	Potential future hardening PR if confirmed risky
B1	107	Logging Review	CONSOLE_LOGGING	backups/clerk-private-profile.before-atomic-profile-resolver.html	713	High	Identity, session, login, or private profile boundary	Confirm no token, JWT, session object, private profile data, or auth state is exposed	Potential future hardening PR if confirmed risky
B1	108	Secrets Review	POSSIBLE_SECRET_WORDING	backups/clerk-private-profile.before-atomic-profile-resolver.html	713	High	Identity, session, login, or private profile boundary	Confirm no token, JWT, session object, private profile data, or auth state is exposed	Potential future hardening PR if confirmed risky
B1	109	Secrets Review	POSSIBLE_SECRET_WORDING	backups/clerk-private-profile.before-atomic-profile-resolver.html	714	High	Identity, session, login, or private profile boundary	Confirm no token, JWT, session object, private profile data, or auth state is exposed	Potential future hardening PR if confirmed risky
B1	110	Logging Review	CONSOLE_LOGGING	backups/clerk-private-profile.before-atomic-profile-resolver.html	716	High	Identity, session, login, or private profile boundary	Confirm no token, JWT, session object, private profile data, or auth state is exposed	Potential future hardening PR if confirmed risky
B1	111	Secrets Review	POSSIBLE_SECRET_WORDING	backups/clerk-private-profile.before-atomic-profile-resolver.html	716	High	Identity, session, login, or private profile boundary	Confirm no token, JWT, session object, private profile data, or auth state is exposed	Potential future hardening PR if confirmed risky
B1	112	Secrets Review	POSSIBLE_SECRET_WORDING	backups/clerk-private-profile.before-atomic-profile-resolver.html	752	High	Identity, session, login, or private profile boundary	Confirm no token, JWT, session object, private profile data, or auth state is exposed	Potential future hardening PR if confirmed risky
B1	113	Secrets Review	POSSIBLE_SECRET_WORDING	backups/clerk-private-profile.before-atomic-profile-resolver.html	757	High	Identity, session, login, or private profile boundary	Confirm no token, JWT, session object, private profile data, or auth state is exposed	Potential future hardening PR if confirmed risky
B1	114	Secrets Review	POSSIBLE_SECRET_WORDING	backups/clerk-private-profile.before-atomic-profile-resolver.html	759	High	Identity, session, login, or private profile boundary	Confirm no token, JWT, session object, private profile data, or auth state is exposed	Potential future hardening PR if confirmed risky
B1	115	Secrets Review	POSSIBLE_SECRET_WORDING	backups/clerk-private-profile.before-atomic-profile-resolver.html	765	High	Identity, session, login, or private profile boundary	Confirm no token, JWT, session object, private profile data, or auth state is exposed	Potential future hardening PR if confirmed risky
B1	116	Secrets Review	POSSIBLE_SECRET_WORDING	backups/clerk-private-profile.before-atomic-profile-resolver.html	775	High	Identity, session, login, or private profile boundary	Confirm no token, JWT, session object, private profile data, or auth state is exposed	Potential future hardening PR if confirmed risky
B1	117	Secrets Review	POSSIBLE_SECRET_WORDING	backups/clerk-private-profile.before-atomic-profile-resolver.html	776	High	Identity, session, login, or private profile boundary	Confirm no token, JWT, session object, private profile data, or auth state is exposed	Potential future hardening PR if confirmed risky
B1	118	Secrets Review	POSSIBLE_SECRET_WORDING	backups/clerk-private-profile.before-atomic-profile-resolver.html	852	High	Identity, session, login, or private profile boundary	Confirm no token, JWT, session object, private profile data, or auth state is exposed	Potential future hardening PR if confirmed risky
B1	119	Logging Review	CONSOLE_LOGGING	backups/clerk-private-profile.before-atomic-profile-resolver.html	1056	High	Identity, session, login, or private profile boundary	Confirm no token, JWT, session object, private profile data, or auth state is exposed	Potential future hardening PR if confirmed risky
B1	120	Logging Review	CONSOLE_LOGGING	backups/clerk-private-profile.before-atomic-profile-resolver.html	1081	High	Identity, session, login, or private profile boundary	Confirm no token, JWT, session object, private profile data, or auth state is exposed	Potential future hardening PR if confirmed risky
B1	121	Logging Review	CONSOLE_LOGGING	backups/clerk-private-profile.before-atomic-profile-resolver.html	1103	High	Identity, session, login, or private profile boundary	Confirm no token, JWT, session object, private profile data, or auth state is exposed	Potential future hardening PR if confirmed risky
B1	122	Logging Review	CONSOLE_LOGGING	backups/clerk-private-profile.before-atomic-profile-resolver.html	1128	High	Identity, session, login, or private profile boundary	Confirm no token, JWT, session object, private profile data, or auth state is exposed	Potential future hardening PR if confirmed risky
B1	123	Logging Review	CONSOLE_LOGGING	backups/clerk-private-profile.before-atomic-profile-resolver.html	1233	High	Identity, session, login, or private profile boundary	Confirm no token, JWT, session object, private profile data, or auth state is exposed	Potential future hardening PR if confirmed risky
B1	124	Logging Review	CONSOLE_LOGGING	backups/clerk-private-profile.before-atomic-profile-resolver.html	1270	High	Identity, session, login, or private profile boundary	Confirm no token, JWT, session object, private profile data, or auth state is exposed	Potential future hardening PR if confirmed risky
B1	125	Logging Review	CONSOLE_LOGGING	backups/clerk-private-profile.before-atomic-profile-resolver.html	1337	High	Identity, session, login, or private profile boundary	Confirm no token, JWT, session object, private profile data, or auth state is exposed	Potential future hardening PR if confirmed risky
B1	126	Logging Review	CONSOLE_LOGGING	backups/clerk-private-profile.before-atomic-profile-resolver.html	1345	High	Identity, session, login, or private profile boundary	Confirm no token, JWT, session object, private profile data, or auth state is exposed	Potential future hardening PR if confirmed risky
B1	127	Logging Review	CONSOLE_LOGGING	backups/clerk-private-profile.before-atomic-profile-resolver.html	1369	High	Identity, session, login, or private profile boundary	Confirm no token, JWT, session object, private profile data, or auth state is exposed	Potential future hardening PR if confirmed risky
B1	128	Logging Review	CONSOLE_LOGGING	backups/clerk-private-profile.before-jwt-rls-bridge.html	923	High	Identity, session, login, or private profile boundary	Confirm no token, JWT, session object, private profile data, or auth state is exposed	Potential future hardening PR if confirmed risky
B1	129	Logging Review	CONSOLE_LOGGING	backups/clerk-private-profile.before-jwt-rls-bridge.html	935	High	Identity, session, login, or private profile boundary	Confirm no token, JWT, session object, private profile data, or auth state is exposed	Potential future hardening PR if confirmed risky
B1	130	Logging Review	CONSOLE_LOGGING	backups/clerk-private-profile.before-jwt-rls-bridge.html	957	High	Identity, session, login, or private profile boundary	Confirm no token, JWT, session object, private profile data, or auth state is exposed	Potential future hardening PR if confirmed risky
B1	131	Logging Review	CONSOLE_LOGGING	backups/clerk-private-profile.before-jwt-rls-bridge.html	970	High	Identity, session, login, or private profile boundary	Confirm no token, JWT, session object, private profile data, or auth state is exposed	Potential future hardening PR if confirmed risky
B1	132	Logging Review	CONSOLE_LOGGING	backups/clerk-private-profile.before-jwt-rls-bridge.html	1075	High	Identity, session, login, or private profile boundary	Confirm no token, JWT, session object, private profile data, or auth state is exposed	Potential future hardening PR if confirmed risky
B1	133	Logging Review	CONSOLE_LOGGING	backups/clerk-private-profile.before-jwt-rls-bridge.html	1109	High	Identity, session, login, or private profile boundary	Confirm no token, JWT, session object, private profile data, or auth state is exposed	Potential future hardening PR if confirmed risky
B1	134	Logging Review	CONSOLE_LOGGING	backups/clerk-private-profile.before-jwt-rls-bridge.html	1172	High	Identity, session, login, or private profile boundary	Confirm no token, JWT, session object, private profile data, or auth state is exposed	Potential future hardening PR if confirmed risky
B1	135	Logging Review	CONSOLE_LOGGING	backups/clerk-private-profile.before-jwt-rls-bridge.html	1180	High	Identity, session, login, or private profile boundary	Confirm no token, JWT, session object, private profile data, or auth state is exposed	Potential future hardening PR if confirmed risky
B1	136	Logging Review	CONSOLE_LOGGING	backups/clerk-private-profile.before-jwt-rls-bridge.html	1195	High	Identity, session, login, or private profile boundary	Confirm no token, JWT, session object, private profile data, or auth state is exposed	Potential future hardening PR if confirmed risky
B1	137	Secrets Review	POSSIBLE_SECRET_WORDING	backups/clerk-private-profile.before-profile-resilience-shell.html	663	High	Identity, session, login, or private profile boundary	Confirm no token, JWT, session object, private profile data, or auth state is exposed	Potential future hardening PR if confirmed risky
B1	138	Logging Review	CONSOLE_LOGGING	backups/clerk-private-profile.before-profile-resilience-shell.html	708	High	Identity, session, login, or private profile boundary	Confirm no token, JWT, session object, private profile data, or auth state is exposed	Potential future hardening PR if confirmed risky
B1	139	Secrets Review	POSSIBLE_SECRET_WORDING	backups/clerk-private-profile.before-profile-resilience-shell.html	708	High	Identity, session, login, or private profile boundary	Confirm no token, JWT, session object, private profile data, or auth state is exposed	Potential future hardening PR if confirmed risky
B1	140	Secrets Review	POSSIBLE_SECRET_WORDING	backups/clerk-private-profile.before-profile-resilience-shell.html	713	High	Identity, session, login, or private profile boundary	Confirm no token, JWT, session object, private profile data, or auth state is exposed	Potential future hardening PR if confirmed risky
B1	141	Logging Review	CONSOLE_LOGGING	backups/clerk-private-profile.before-profile-resilience-shell.html	714	High	Identity, session, login, or private profile boundary	Confirm no token, JWT, session object, private profile data, or auth state is exposed	Potential future hardening PR if confirmed risky
B1	142	Secrets Review	POSSIBLE_SECRET_WORDING	backups/clerk-private-profile.before-profile-resilience-shell.html	714	High	Identity, session, login, or private profile boundary	Confirm no token, JWT, session object, private profile data, or auth state is exposed	Potential future hardening PR if confirmed risky
B1	143	Secrets Review	POSSIBLE_SECRET_WORDING	backups/clerk-private-profile.before-profile-resilience-shell.html	715	High	Identity, session, login, or private profile boundary	Confirm no token, JWT, session object, private profile data, or auth state is exposed	Potential future hardening PR if confirmed risky
B1	144	Logging Review	CONSOLE_LOGGING	backups/clerk-private-profile.before-profile-resilience-shell.html	717	High	Identity, session, login, or private profile boundary	Confirm no token, JWT, session object, private profile data, or auth state is exposed	Potential future hardening PR if confirmed risky
B1	145	Secrets Review	POSSIBLE_SECRET_WORDING	backups/clerk-private-profile.before-profile-resilience-shell.html	717	High	Identity, session, login, or private profile boundary	Confirm no token, JWT, session object, private profile data, or auth state is exposed	Potential future hardening PR if confirmed risky
B1	146	Secrets Review	POSSIBLE_SECRET_WORDING	backups/clerk-private-profile.before-profile-resilience-shell.html	753	High	Identity, session, login, or private profile boundary	Confirm no token, JWT, session object, private profile data, or auth state is exposed	Potential future hardening PR if confirmed risky
B1	147	Secrets Review	POSSIBLE_SECRET_WORDING	backups/clerk-private-profile.before-profile-resilience-shell.html	758	High	Identity, session, login, or private profile boundary	Confirm no token, JWT, session object, private profile data, or auth state is exposed	Potential future hardening PR if confirmed risky
B1	148	Secrets Review	POSSIBLE_SECRET_WORDING	backups/clerk-private-profile.before-profile-resilience-shell.html	760	High	Identity, session, login, or private profile boundary	Confirm no token, JWT, session object, private profile data, or auth state is exposed	Potential future hardening PR if confirmed risky
B1	149	Secrets Review	POSSIBLE_SECRET_WORDING	backups/clerk-private-profile.before-profile-resilience-shell.html	766	High	Identity, session, login, or private profile boundary	Confirm no token, JWT, session object, private profile data, or auth state is exposed	Potential future hardening PR if confirmed risky
B1	150	Secrets Review	POSSIBLE_SECRET_WORDING	backups/clerk-private-profile.before-profile-resilience-shell.html	776	High	Identity, session, login, or private profile boundary	Confirm no token, JWT, session object, private profile data, or auth state is exposed	Potential future hardening PR if confirmed risky
B1	151	Secrets Review	POSSIBLE_SECRET_WORDING	backups/clerk-private-profile.before-profile-resilience-shell.html	777	High	Identity, session, login, or private profile boundary	Confirm no token, JWT, session object, private profile data, or auth state is exposed	Potential future hardening PR if confirmed risky
B1	152	Secrets Review	POSSIBLE_SECRET_WORDING	backups/clerk-private-profile.before-profile-resilience-shell.html	857	High	Identity, session, login, or private profile boundary	Confirm no token, JWT, session object, private profile data, or auth state is exposed	Potential future hardening PR if confirmed risky
B1	153	Logging Review	CONSOLE_LOGGING	backups/clerk-private-profile.before-profile-resilience-shell.html	1061	High	Identity, session, login, or private profile boundary	Confirm no token, JWT, session object, private profile data, or auth state is exposed	Potential future hardening PR if confirmed risky
B1	154	Logging Review	CONSOLE_LOGGING	backups/clerk-private-profile.before-profile-resilience-shell.html	1086	High	Identity, session, login, or private profile boundary	Confirm no token, JWT, session object, private profile data, or auth state is exposed	Potential future hardening PR if confirmed risky
B1	155	Logging Review	CONSOLE_LOGGING	backups/clerk-private-profile.before-profile-resilience-shell.html	1108	High	Identity, session, login, or private profile boundary	Confirm no token, JWT, session object, private profile data, or auth state is exposed	Potential future hardening PR if confirmed risky
B1	156	Logging Review	CONSOLE_LOGGING	backups/clerk-private-profile.before-profile-resilience-shell.html	1133	High	Identity, session, login, or private profile boundary	Confirm no token, JWT, session object, private profile data, or auth state is exposed	Potential future hardening PR if confirmed risky
B1	157	Logging Review	CONSOLE_LOGGING	backups/clerk-private-profile.before-profile-resilience-shell.html	1178	High	Identity, session, login, or private profile boundary	Confirm no token, JWT, session object, private profile data, or auth state is exposed	Potential future hardening PR if confirmed risky
B1	158	Logging Review	CONSOLE_LOGGING	backups/clerk-private-profile.before-profile-resilience-shell.html	1203	High	Identity, session, login, or private profile boundary	Confirm no token, JWT, session object, private profile data, or auth state is exposed	Potential future hardening PR if confirmed risky
B1	159	Logging Review	CONSOLE_LOGGING	backups/clerk-private-profile.before-profile-resilience-shell.html	1305	High	Identity, session, login, or private profile boundary	Confirm no token, JWT, session object, private profile data, or auth state is exposed	Potential future hardening PR if confirmed risky
B1	160	Logging Review	CONSOLE_LOGGING	backups/clerk-private-profile.before-profile-resilience-shell.html	1342	High	Identity, session, login, or private profile boundary	Confirm no token, JWT, session object, private profile data, or auth state is exposed	Potential future hardening PR if confirmed risky
B1	161	Logging Review	CONSOLE_LOGGING	backups/clerk-private-profile.before-profile-resilience-shell.html	1405	High	Identity, session, login, or private profile boundary	Confirm no token, JWT, session object, private profile data, or auth state is exposed	Potential future hardening PR if confirmed risky
B1	162	Logging Review	CONSOLE_LOGGING	backups/clerk-private-profile.before-profile-resilience-shell.html	1413	High	Identity, session, login, or private profile boundary	Confirm no token, JWT, session object, private profile data, or auth state is exposed	Potential future hardening PR if confirmed risky
B1	163	Logging Review	CONSOLE_LOGGING	backups/clerk-private-profile.before-profile-resilience-shell.html	1432	High	Identity, session, login, or private profile boundary	Confirm no token, JWT, session object, private profile data, or auth state is exposed	Potential future hardening PR if confirmed risky
B1	164	Logging Review	CONSOLE_LOGGING	backups/clerk-private-profile.before-profile-resilience-shell.html	1456	High	Identity, session, login, or private profile boundary	Confirm no token, JWT, session object, private profile data, or auth state is exposed	Potential future hardening PR if confirmed risky
B1	165	Logging Review	CONSOLE_LOGGING	backups/clerk-private-profile.before-self-healing-profile-gateway.html	1058	High	Identity, session, login, or private profile boundary	Confirm no token, JWT, session object, private profile data, or auth state is exposed	Potential future hardening PR if confirmed risky
B1	166	Secrets Review	POSSIBLE_SECRET_WORDING	clerk-private-profile.html	664	High	Identity, session, login, or private profile boundary	Confirm no token, JWT, session object, private profile data, or auth state is exposed	Potential future hardening PR if confirmed risky
B1	167	Logging Review	CONSOLE_LOGGING	clerk-private-profile.html	709	High	Identity, session, login, or private profile boundary	Confirm no token, JWT, session object, private profile data, or auth state is exposed	Potential future hardening PR if confirmed risky
B1	168	Secrets Review	POSSIBLE_SECRET_WORDING	clerk-private-profile.html	709	High	Identity, session, login, or private profile boundary	Confirm no token, JWT, session object, private profile data, or auth state is exposed	Potential future hardening PR if confirmed risky
B1	169	Secrets Review	POSSIBLE_SECRET_WORDING	clerk-private-profile.html	714	High	Identity, session, login, or private profile boundary	Confirm no token, JWT, session object, private profile data, or auth state is exposed	Potential future hardening PR if confirmed risky
B1	170	Logging Review	CONSOLE_LOGGING	clerk-private-profile.html	715	High	Identity, session, login, or private profile boundary	Confirm no token, JWT, session object, private profile data, or auth state is exposed	Potential future hardening PR if confirmed risky
B1	171	Secrets Review	POSSIBLE_SECRET_WORDING	clerk-private-profile.html	715	High	Identity, session, login, or private profile boundary	Confirm no token, JWT, session object, private profile data, or auth state is exposed	Potential future hardening PR if confirmed risky
B1	172	Secrets Review	POSSIBLE_SECRET_WORDING	clerk-private-profile.html	716	High	Identity, session, login, or private profile boundary	Confirm no token, JWT, session object, private profile data, or auth state is exposed	Potential future hardening PR if confirmed risky
B1	173	Logging Review	CONSOLE_LOGGING	clerk-private-profile.html	718	High	Identity, session, login, or private profile boundary	Confirm no token, JWT, session object, private profile data, or auth state is exposed	Potential future hardening PR if confirmed risky
B1	174	Secrets Review	POSSIBLE_SECRET_WORDING	clerk-private-profile.html	718	High	Identity, session, login, or private profile boundary	Confirm no token, JWT, session object, private profile data, or auth state is exposed	Potential future hardening PR if confirmed risky
B1	175	Secrets Review	POSSIBLE_SECRET_WORDING	clerk-private-profile.html	754	High	Identity, session, login, or private profile boundary	Confirm no token, JWT, session object, private profile data, or auth state is exposed	Potential future hardening PR if confirmed risky
B1	176	Secrets Review	POSSIBLE_SECRET_WORDING	clerk-private-profile.html	759	High	Identity, session, login, or private profile boundary	Confirm no token, JWT, session object, private profile data, or auth state is exposed	Potential future hardening PR if confirmed risky
B1	177	Secrets Review	POSSIBLE_SECRET_WORDING	clerk-private-profile.html	761	High	Identity, session, login, or private profile boundary	Confirm no token, JWT, session object, private profile data, or auth state is exposed	Potential future hardening PR if confirmed risky
B1	178	Secrets Review	POSSIBLE_SECRET_WORDING	clerk-private-profile.html	767	High	Identity, session, login, or private profile boundary	Confirm no token, JWT, session object, private profile data, or auth state is exposed	Potential future hardening PR if confirmed risky
B1	179	Secrets Review	POSSIBLE_SECRET_WORDING	clerk-private-profile.html	777	High	Identity, session, login, or private profile boundary	Confirm no token, JWT, session object, private profile data, or auth state is exposed	Potential future hardening PR if confirmed risky
B1	180	Secrets Review	POSSIBLE_SECRET_WORDING	clerk-private-profile.html	778	High	Identity, session, login, or private profile boundary	Confirm no token, JWT, session object, private profile data, or auth state is exposed	Potential future hardening PR if confirmed risky
B1	181	Secrets Review	POSSIBLE_SECRET_WORDING	clerk-private-profile.html	1015	High	Identity, session, login, or private profile boundary	Confirm no token, JWT, session object, private profile data, or auth state is exposed	Potential future hardening PR if confirmed risky
B1	182	Logging Review	CONSOLE_LOGGING	clerk-private-profile.html	1219	High	Identity, session, login, or private profile boundary	Confirm no token, JWT, session object, private profile data, or auth state is exposed	Potential future hardening PR if confirmed risky
B1	183	Logging Review	CONSOLE_LOGGING	clerk-private-profile.html	1244	High	Identity, session, login, or private profile boundary	Confirm no token, JWT, session object, private profile data, or auth state is exposed	Potential future hardening PR if confirmed risky
B1	184	Logging Review	CONSOLE_LOGGING	clerk-private-profile.html	1266	High	Identity, session, login, or private profile boundary	Confirm no token, JWT, session object, private profile data, or auth state is exposed	Potential future hardening PR if confirmed risky
B1	185	Logging Review	CONSOLE_LOGGING	clerk-private-profile.html	1291	High	Identity, session, login, or private profile boundary	Confirm no token, JWT, session object, private profile data, or auth state is exposed	Potential future hardening PR if confirmed risky
B1	186	Logging Review	CONSOLE_LOGGING	clerk-private-profile.html	1336	High	Identity, session, login, or private profile boundary	Confirm no token, JWT, session object, private profile data, or auth state is exposed	Potential future hardening PR if confirmed risky
B1	187	Logging Review	CONSOLE_LOGGING	clerk-private-profile.html	1361	High	Identity, session, login, or private profile boundary	Confirm no token, JWT, session object, private profile data, or auth state is exposed	Potential future hardening PR if confirmed risky
B1	188	Logging Review	CONSOLE_LOGGING	clerk-private-profile.html	1463	High	Identity, session, login, or private profile boundary	Confirm no token, JWT, session object, private profile data, or auth state is exposed	Potential future hardening PR if confirmed risky
B1	189	Logging Review	CONSOLE_LOGGING	clerk-private-profile.html	1500	High	Identity, session, login, or private profile boundary	Confirm no token, JWT, session object, private profile data, or auth state is exposed	Potential future hardening PR if confirmed risky
B1	190	Logging Review	CONSOLE_LOGGING	clerk-private-profile.html	1620	High	Identity, session, login, or private profile boundary	Confirm no token, JWT, session object, private profile data, or auth state is exposed	Potential future hardening PR if confirmed risky
B1	191	Logging Review	CONSOLE_LOGGING	clerk-private-profile.html	1622	High	Identity, session, login, or private profile boundary	Confirm no token, JWT, session object, private profile data, or auth state is exposed	Potential future hardening PR if confirmed risky
B1	192	Logging Review	CONSOLE_LOGGING	clerk-test.html	244	High	Identity, session, login, or private profile boundary	Confirm no token, JWT, session object, private profile data, or auth state is exposed	Potential future hardening PR if confirmed risky
B1	193	Logging Review	CONSOLE_LOGGING	scripts/profile-loader.js	193	High	Identity, session, login, or private profile boundary	Confirm no token, JWT, session object, private profile data, or auth state is exposed	Potential future hardening PR if confirmed risky
B1	194	Logging Review	CONSOLE_LOGGING	scripts/profile-loader.js	215	High	Identity, session, login, or private profile boundary	Confirm no token, JWT, session object, private profile data, or auth state is exposed	Potential future hardening PR if confirmed risky
B1	195	Logging Review	CONSOLE_LOGGING	scripts/profile-loader.js	223	High	Identity, session, login, or private profile boundary	Confirm no token, JWT, session object, private profile data, or auth state is exposed	Potential future hardening PR if confirmed risky
B1	196	Logging Review	CONSOLE_LOGGING	scripts/require-auth.js	6	High	Identity, session, login, or private profile boundary	Confirm no token, JWT, session object, private profile data, or auth state is exposed	Potential future hardening PR if confirmed risky
B1	197	Logging Review	CONSOLE_LOGGING	scripts/require-auth.js	14	High	Identity, session, login, or private profile boundary	Confirm no token, JWT, session object, private profile data, or auth state is exposed	Potential future hardening PR if confirmed risky
B1	198	Logging Review	CONSOLE_LOGGING	scripts/require-auth.js	20	High	Identity, session, login, or private profile boundary	Confirm no token, JWT, session object, private profile data, or auth state is exposed	Potential future hardening PR if confirmed risky
B1	199	Logging Review	CONSOLE_LOGGING	scripts/require-auth.js	25	High	Identity, session, login, or private profile boundary	Confirm no token, JWT, session object, private profile data, or auth state is exposed	Potential future hardening PR if confirmed risky
B1	200	Logging Review	CONSOLE_LOGGING	scripts/require-auth.js	27	High	Identity, session, login, or private profile boundary	Confirm no token, JWT, session object, private profile data, or auth state is exposed	Potential future hardening PR if confirmed risky
B1	201	Secrets Review	POSSIBLE_SECRET_WORDING	scripts/supabase-auth-bridge.js	33	High	Identity, session, login, or private profile boundary	Confirm no token, JWT, session object, private profile data, or auth state is exposed	Potential future hardening PR if confirmed risky
B1	202	Secrets Review	POSSIBLE_SECRET_WORDING	scripts/supabase-auth-bridge.js	71	High	Identity, session, login, or private profile boundary	Confirm no token, JWT, session object, private profile data, or auth state is exposed	Potential future hardening PR if confirmed risky
B1	203	Secrets Review	POSSIBLE_SECRET_WORDING	scripts/supabase-auth-bridge.js	79	High	Identity, session, login, or private profile boundary	Confirm no token, JWT, session object, private profile data, or auth state is exposed	Potential future hardening PR if confirmed risky
B1	204	Secrets Review	POSSIBLE_SECRET_WORDING	scripts/supabase-auth-bridge.js	85	High	Identity, session, login, or private profile boundary	Confirm no token, JWT, session object, private profile data, or auth state is exposed	Potential future hardening PR if confirmed risky
B1	205	Secrets Review	POSSIBLE_SECRET_WORDING	scripts/supabase-auth-bridge.js	87	High	Identity, session, login, or private profile boundary	Confirm no token, JWT, session object, private profile data, or auth state is exposed	Potential future hardening PR if confirmed risky
B1	206	Secrets Review	POSSIBLE_SECRET_WORDING	scripts/supabase-auth-bridge.js	109	High	Identity, session, login, or private profile boundary	Confirm no token, JWT, session object, private profile data, or auth state is exposed	Potential future hardening PR if confirmed risky
B1	207	Logging Review	CONSOLE_LOGGING	scripts/supabase-auth-bridge.js	117	High	Identity, session, login, or private profile boundary	Confirm no token, JWT, session object, private profile data, or auth state is exposed	Potential future hardening PR if confirmed risky
B1	208	Logging Review	CONSOLE_LOGGING	scripts/supabase-auth-bridge.js	120	High	Identity, session, login, or private profile boundary	Confirm no token, JWT, session object, private profile data, or auth state is exposed	Potential future hardening PR if confirmed risky
B1	209	Secrets Review	POSSIBLE_SECRET_WORDING	scripts/supabase-auth-bridge.js	153	High	Identity, session, login, or private profile boundary	Confirm no token, JWT, session object, private profile data, or auth state is exposed	Potential future hardening PR if confirmed risky
B1	210	Logging Review	CONSOLE_LOGGING	scripts/supabase-auth-bridge.js	163	High	Identity, session, login, or private profile boundary	Confirm no token, JWT, session object, private profile data, or auth state is exposed	Potential future hardening PR if confirmed risky
B1	211	Secrets Review	POSSIBLE_SECRET_WORDING	supabase/migrations/20260707_vvip_tiger_clerk_profiles_table.sql	35	High	Identity, session, login, or private profile boundary	Confirm no token, JWT, session object, private profile data, or auth state is exposed	Potential future hardening PR if confirmed risky
B1	212	Secrets Review	POSSIBLE_SECRET_WORDING	supabase/migrations/20260707_vvip_tiger_clerk_profiles_table.sql	43	High	Identity, session, login, or private profile boundary	Confirm no token, JWT, session object, private profile data, or auth state is exposed	Potential future hardening PR if confirmed risky
B1	213	Secrets Review	POSSIBLE_SECRET_WORDING	supabase/migrations/20260707_vvip_tiger_clerk_profiles_table.sql	51	High	Identity, session, login, or private profile boundary	Confirm no token, JWT, session object, private profile data, or auth state is exposed	Potential future hardening PR if confirmed risky
B1	214	Secrets Review	POSSIBLE_SECRET_WORDING	supabase/migrations/20260707_vvip_tiger_clerk_profiles_table.sql	52	High	Identity, session, login, or private profile boundary	Confirm no token, JWT, session object, private profile data, or auth state is exposed	Potential future hardening PR if confirmed risky
B1	215	Secrets Review	POSSIBLE_SECRET_WORDING	supabase/migrations/20260709_vvip_tiger_atomic_profile_resolver_rpc.sql	3	High	Identity, session, login, or private profile boundary	Confirm no token, JWT, session object, private profile data, or auth state is exposed	Potential future hardening PR if confirmed risky
B1	216	Secrets Review	POSSIBLE_SECRET_WORDING	supabase/migrations/20260709_vvip_tiger_atomic_profile_resolver_rpc.sql	6	High	Identity, session, login, or private profile boundary	Confirm no token, JWT, session object, private profile data, or auth state is exposed	Potential future hardening PR if confirmed risky
B1	217	Secrets Review	POSSIBLE_SECRET_WORDING	supabase/migrations/20260709_vvip_tiger_atomic_profile_resolver_rpc.sql	11	High	Identity, session, login, or private profile boundary	Confirm no token, JWT, session object, private profile data, or auth state is exposed	Potential future hardening PR if confirmed risky
B1	218	Secrets Review	POSSIBLE_SECRET_WORDING	supabase/migrations/20260709_vvip_tiger_atomic_profile_resolver_rpc.sql	13	High	Identity, session, login, or private profile boundary	Confirm no token, JWT, session object, private profile data, or auth state is exposed	Potential future hardening PR if confirmed risky
B1	219	Secrets Review	POSSIBLE_SECRET_WORDING	supabase/migrations/20260709_vvip_tiger_atomic_profile_resolver_rpc.sql	35	High	Identity, session, login, or private profile boundary	Confirm no token, JWT, session object, private profile data, or auth state is exposed	Potential future hardening PR if confirmed risky
B1	220	Secrets Review	POSSIBLE_SECRET_WORDING	supabase/migrations/20260709_vvip_tiger_atomic_profile_resolver_rpc.sql	43	High	Identity, session, login, or private profile boundary	Confirm no token, JWT, session object, private profile data, or auth state is exposed	Potential future hardening PR if confirmed risky
B1	221	Secrets Review	POSSIBLE_SECRET_WORDING	supabase/migrations/20260709_vvip_tiger_atomic_profile_resolver_rpc.sql	51	High	Identity, session, login, or private profile boundary	Confirm no token, JWT, session object, private profile data, or auth state is exposed	Potential future hardening PR if confirmed risky
B1	222	Secrets Review	POSSIBLE_SECRET_WORDING	supabase/migrations/20260709_vvip_tiger_atomic_profile_resolver_rpc.sql	54	High	Identity, session, login, or private profile boundary	Confirm no token, JWT, session object, private profile data, or auth state is exposed	Potential future hardening PR if confirmed risky
B1	223	Secrets Review	POSSIBLE_SECRET_WORDING	supabase/migrations/20260709_vvip_tiger_atomic_profile_resolver_rpc.sql	64	High	Identity, session, login, or private profile boundary	Confirm no token, JWT, session object, private profile data, or auth state is exposed	Potential future hardening PR if confirmed risky
B1	224	Secrets Review	POSSIBLE_SECRET_WORDING	supabase/migrations/20260709_vvip_tiger_atomic_profile_resolver_rpc.sql	65	High	Identity, session, login, or private profile boundary	Confirm no token, JWT, session object, private profile data, or auth state is exposed	Potential future hardening PR if confirmed risky
B1	225	Secrets Review	POSSIBLE_SECRET_WORDING	supabase/migrations/20260709_vvip_tiger_atomic_profile_resolver_rpc.sql	67	High	Identity, session, login, or private profile boundary	Confirm no token, JWT, session object, private profile data, or auth state is exposed	Potential future hardening PR if confirmed risky
B1	226	Secrets Review	POSSIBLE_SECRET_WORDING	supabase/migrations/20260709_vvip_tiger_atomic_profile_resolver_rpc.sql	68	High	Identity, session, login, or private profile boundary	Confirm no token, JWT, session object, private profile data, or auth state is exposed	Potential future hardening PR if confirmed risky
B1	227	Secrets Review	POSSIBLE_SECRET_WORDING	supabase/migrations/20260709_vvip_tiger_atomic_profile_resolver_rpc.sql	69	High	Identity, session, login, or private profile boundary	Confirm no token, JWT, session object, private profile data, or auth state is exposed	Potential future hardening PR if confirmed risky
B1	228	Secrets Review	POSSIBLE_SECRET_WORDING	supabase/migrations/20260709_vvip_tiger_atomic_profile_resolver_rpc.sql	70	High	Identity, session, login, or private profile boundary	Confirm no token, JWT, session object, private profile data, or auth state is exposed	Potential future hardening PR if confirmed risky
B1	229	Secrets Review	POSSIBLE_SECRET_WORDING	supabase/migrations/20260709_vvip_tiger_atomic_profile_resolver_rpc.sql	73	High	Identity, session, login, or private profile boundary	Confirm no token, JWT, session object, private profile data, or auth state is exposed	Potential future hardening PR if confirmed risky
B1	230	Secrets Review	POSSIBLE_SECRET_WORDING	supabase/migrations/20260709_vvip_tiger_profiles_clerk_jwt_rls_bridge.sql	1	High	Identity, session, login, or private profile boundary	Confirm no token, JWT, session object, private profile data, or auth state is exposed	Potential future hardening PR if confirmed risky
B1	231	Secrets Review	POSSIBLE_SECRET_WORDING	supabase/migrations/20260709_vvip_tiger_profiles_clerk_jwt_rls_bridge.sql	3	High	Identity, session, login, or private profile boundary	Confirm no token, JWT, session object, private profile data, or auth state is exposed	Potential future hardening PR if confirmed risky
B1	232	Secrets Review	POSSIBLE_SECRET_WORDING	supabase/migrations/20260709_vvip_tiger_profiles_clerk_jwt_rls_bridge.sql	17	High	Identity, session, login, or private profile boundary	Confirm no token, JWT, session object, private profile data, or auth state is exposed	Potential future hardening PR if confirmed risky
B1	233	Secrets Review	POSSIBLE_SECRET_WORDING	supabase/migrations/20260709_vvip_tiger_profiles_clerk_jwt_rls_bridge.sql	23	High	Identity, session, login, or private profile boundary	Confirm no token, JWT, session object, private profile data, or auth state is exposed	Potential future hardening PR if confirmed risky
B1	234	Secrets Review	POSSIBLE_SECRET_WORDING	supabase/migrations/20260709_vvip_tiger_profiles_clerk_jwt_rls_bridge.sql	29	High	Identity, session, login, or private profile boundary	Confirm no token, JWT, session object, private profile data, or auth state is exposed	Potential future hardening PR if confirmed risky
B1	235	Secrets Review	POSSIBLE_SECRET_WORDING	supabase/migrations/20260709_vvip_tiger_profiles_clerk_jwt_rls_bridge.sql	30	High	Identity, session, login, or private profile boundary	Confirm no token, JWT, session object, private profile data, or auth state is exposed	Potential future hardening PR if confirmed risky
