artifact_id,task_code,artifact_type,name,path_or_url,version,sha256,approved_by,status
ART-0001,,md,README_AR.md,README_AR.md,2.1.0,6044476df0b572e9bbb19c00ead33b1c2d500839fe8f6fb0622882ed8e311240,,generated_verified
ART-0002,,html,VVIP_TIGER_Project_Control_Center_AR.html,dashboard/VVIP_TIGER_Project_Control_Center_AR.html,2.1.0,76c69c6212f53cde686456062ae8b456e5ee1cac3e4a4f28b2ed55ab7864349a,,generated_verified
ART-0003,,csv,country_capability_matrix.csv,data/country_capability_matrix.csv,2.1.0,7e27cbf87286fc83432c37eea2c804194db21768c3d747733c9bc2d16ae61d26,,generated_verified
ART-0004,,csv,decision_log.csv,data/decision_log.csv,2.1.0,a51c8eb85a828f8a5c190f14c3e7729dbe8e2f4b09d2f320914adae39cad64f3,,generated_verified
ART-0005,,json,global_scale_targets.json,data/global_scale_targets.json,2.1.0,1b186058e63e1e1d0a443f6256604524afdbeb6b811e12eae000a3ea90452e87,,generated_verified
ART-0006,,csv,launch_gate_register.csv,data/launch_gate_register.csv,2.1.0,7264a85db571610665ec82fe9ef437c611896a5b72eedb62886f69a5feed695a,,generated_verified
ART-0007,,csv,legacy_phase_mapping.csv,data/legacy_phase_mapping.csv,2.1.0,fae8ef6e394663c7f979ba70319f76efc9de2693c98d6f87d7c0e58694ff5fe0,,generated_verified
ART-0008,,json,manifest.json,data/manifest.json,2.1.0,2d51268a32af14bbba169b6a4379ef311db4da27f9f6982e8bf9bfd1dc350894,,generated_verified
ART-0009,,csv,master_task_registry.csv,data/master_task_registry.csv,2.1.0,91da5d5896d3920098429d562e969128d4155cc56ab1549f9624bbdd4f27dfa4,,generated_verified
ART-0010,,json,phases.json,data/phases.json,2.1.0,85b2d86a2912893330c51d711d910f1f91c2682029292162aed31a37fa99f2f4,,generated_verified
ART-0011,,json,requirements_catalog.json,data/requirements_catalog.json,2.1.0,ff29571794b1495bd565fdb055ce54a90b08095cbc85454a30b06bc4c8854f2d,,generated_verified
ART-0012,,csv,requirements_traceability.csv,data/requirements_traceability.csv,2.1.0,c5f2de9c9ee3a3985ec41a182aa02a096da6323520e73a059f808ba595d090a4,,generated_verified
ART-0013,,csv,risk_register.csv,data/risk_register.csv,2.1.0,0efedeccf16375b80918a4d55a1cc19237e24e8940f400732a55b6a5933e78a2,,generated_verified
ART-0014,,json,search_facets.json,data/search_facets.json,2.1.0,096c0eb05dc8682945e7975c8c7a957a10087d55cc28b5a07c5e48f293a2f2fb,,generated_verified
ART-0015,,json,source_registry.json,data/source_registry.json,2.1.0,7e0cac4fdd27d9a4365d0a64d653eec47d92227ad745d964932ec665017ccfef,,generated_verified
ART-0016,,json,strategic_archive.json,data/strategic_archive.json,2.1.0,d2fb2a4cb0824108f2e04d08274a2a01be9c60f99f17700969183aa40a1b07ea,,generated_verified
ART-0017,,csv,strategic_backlog.csv,data/strategic_backlog.csv,2.1.0,eba7ed8e360bbe243a043ae99cc53c590517ebc38aca0360efe27ecfb7cc9b5b,,generated_verified
ART-0018,,csv,task_dependencies.csv,data/task_dependencies.csv,2.1.0,1a34e985a43adb72cbe366f015773c055e0400e8185819ac4fe4b9d04037ee84,,generated_verified
ART-0019,,json,task_dependencies.json,data/task_dependencies.json,2.1.0,3484483be28ef26c328fd9bc6c832f13080259c6a75d4e8faef03ff236efd2f0,,generated_verified
ART-0020,,json,tasks.json,data/tasks.json,2.1.0,b8fc2a020de2a349d6147fb12c9d9b000bcafef9e3427f532f417a1205338861,,generated_verified
ART-0021,,csv,test_case_catalog.csv,data/test_case_catalog.csv,2.1.0,aaf526701ae59a4aa314c154f3c2b7ba0f4a72d7a34794f25be35866f1fb2c9f,,generated_verified
ART-0022,,csv,vendor_register.csv,data/vendor_register.csv,2.1.0,1af13ee2abea428f8d797dd598a625a255f72258d6849a8d5a8139eecb874eaa,,generated_verified
ART-0023,,sql,001_project_control_schema.sql,database/001_project_control_schema.sql,2.1.0,c01b6f6222235ea8b3299333cc5b51029488e5f2a9064c87abfbf9f8f39c1521,,generated_verified
ART-0024,,sql,002_project_control_seed.sql,database/002_project_control_seed.sql,2.1.0,a1f410b3daf9da0a4d4215617d89043b49248e510add95944b817afbf945b761,,generated_verified
ART-0025,,sql,003_project_control_extended_seed.sql,database/003_project_control_extended_seed.sql,2.1.0,65db935c2b6f81ffc4faca3c668a788a8820e531faa346f5f7c691db2751154a,,generated_verified
ART-0026,,md,FAITH_AND_CULTURAL_INTEGRITY_POLICY_AR.md,docs/FAITH_AND_CULTURAL_INTEGRITY_POLICY_AR.md,2.1.0,25afc670f3c3be5612cef7c8ee1c82f1c0789a5c94167514cf3d95b467da5c40,,generated_verified
ART-0027,,md,GLOBAL_ARCHITECTURE_DECISION_AR.md,docs/GLOBAL_ARCHITECTURE_DECISION_AR.md,2.1.0,3a4ccf45543b8e5ee9f653c76f901be313901f493ccb37b171b659dcdd7c47e6,,generated_verified
ART-0028,,md,GLOBAL_EXECUTION_CHARTER_AR.md,docs/GLOBAL_EXECUTION_CHARTER_AR.md,2.1.0,d9e12ea2648beeebf0369926542dad7f326423adbc1b647ff325bf663c8f4e01,,generated_verified
ART-0029,,md,GLOBAL_LAUNCH_DEFINITION_OF_DONE_AR.md,docs/GLOBAL_LAUNCH_DEFINITION_OF_DONE_AR.md,2.1.0,442b342324794cbc2aceb6e1a4cd42f155f786624e98ca4964b4167d67c9014c,,generated_verified
ART-0030,,md,GLOBAL_SCALE_AND_SLO_SPEC_AR.md,docs/GLOBAL_SCALE_AND_SLO_SPEC_AR.md,2.1.0,989d3b8d1be5bafcdd613da6fe9797add4de4db859299b97dfe1e4221fb343a5,,generated_verified
ART-0031,,md,GLOBAL_SEARCH_EXPERIENCE_SPEC_AR.md,docs/GLOBAL_SEARCH_EXPERIENCE_SPEC_AR.md,2.1.0,81cb6bcc28155a9755e69925f402b420fc2708f323e1b2ef71adf8114a93a561,,generated_verified
ART-0032,,md,IMPLEMENTATION_BLOCKERS_AR.md,docs/IMPLEMENTATION_BLOCKERS_AR.md,2.1.0,9d18a842d3a52818f9af833a2969e72836118b978c0208901c3439c66114afb9,,generated_verified
ART-0033,,md,OLD_TO_GLOBAL_PHASE_RECONCILIATION_AR.md,docs/OLD_TO_GLOBAL_PHASE_RECONCILIATION_AR.md,2.1.0,fe85a129ff2689ab1c586914c85d3ed4315f9f443e258b93899c2b949fb52117,,generated_verified
ART-0034,,md,PROJECT_CONTROL_INTEGRATION_AR.md,docs/PROJECT_CONTROL_INTEGRATION_AR.md,2.1.0,fd8c33cec967695161a0ebc6d6c4cf79748e1dde50e53cbb4d8a1597c036d568,,generated_verified
ART-0035,,docx,VVIP_TIGER_Centralization_Execution_Report_AR.docx,docs/VVIP_TIGER_Centralization_Execution_Report_AR.docx,2.1.0,a073eadd44c859632952829e030fa71d0bd2d9b3e57d9525f464829198868d5e,,generated_verified
ART-0036,,md,2026-07-20-global-platform-control-plane-implementation.md,docs/superpowers/plans/2026-07-20-global-platform-control-plane-implementation.md,2.1.0,3c37b6b10e38437283dd265ce17867b7199ccb060f55dc6d46d18abf7435706c,,generated_verified
ART-0037,,md,2026-07-20-global-platform-control-plane-design.md,docs/superpowers/specs/2026-07-20-global-platform-control-plane-design.md,2.1.0,ddb35fb1e823152bd21c52a8cddbe1926eb718327cc8fc5b030a7c954c185ddf,,generated_verified
ART-0038,,json,project_task.schema.json,schemas/project_task.schema.json,2.1.0,6a2f4f91d0e1250bfc31c847a62b33e324d9c1c1497a1ef197659851fce4e364,,generated_verified
ART-0039,,mjs,import_project_control.mjs,scripts/import_project_control.mjs,2.1.0,92a94950e528154c6d634c1e7e29c1d8c65dc007aa69294b33d5011abca5887b,,generated_verified
ART-0040,,mjs,validate_project_control.mjs,scripts/validate_project_control.mjs,2.1.0,65576f7748a5ee8c019585baef69372446056548c08b4329b0e3a868a6880a85,,generated_verified
ART-0041,,docx,VVIP_TIGER_Global_Execution_Plan_AR.docx,sources/VVIP_TIGER_Global_Execution_Plan_AR.docx,2.1.0,edd11e409f4ae90075ff641dddd8b3fc6ff1319e13b43aea297c02a9db1dae2f,,generated_verified
ART-0042,,json,VVIP_TIGER_Global_Execution_Plan_AR.json,sources/VVIP_TIGER_Global_Execution_Plan_AR.json,2.1.0,a34174dd68ad48640b5e351960779043d028cc058fcdc4470d0c4ae60fdcceb7,,generated_verified
ART-0043,,md,VVIP_TIGER_Global_Execution_Plan_AR.md,sources/VVIP_TIGER_Global_Execution_Plan_AR.md,2.1.0,243c0a5f4e7d7ddee7c22b029495c1cd09d7dae0833125c123bfd041473291ce,,generated_verified
ART-0044,,docx,VVIP_TIGER_Global_Execution_Specification_V2_AR.docx,sources/VVIP_TIGER_Global_Execution_Specification_V2_AR.docx,2.1.0,16b2b6b049988e2e90eeec107f96fb0284e6bb882fd899f455da04bc6170de24,,generated_verified
ART-0045,,json,VVIP_TIGER_Global_Execution_Specification_V2_AR.json,sources/VVIP_TIGER_Global_Execution_Specification_V2_AR.json,2.1.0,242a50fd7038ca8923d2b8ba545ca13c6d41cb564258ee03376094d2c4ede061,,generated_verified
ART-0046,,md,VVIP_TIGER_Global_Execution_Specification_V2_AR.md,sources/VVIP_TIGER_Global_Execution_Specification_V2_AR.md,2.1.0,c0ac1ddcd17974721f8ae2b78604d1090a40bed14b7b57d962d37e09e8af8f1d,,generated_verified
ART-0047,,docx,VVIP_TIGER_Global_Implementation_Specification_AR_v2.docx,sources/VVIP_TIGER_Global_Implementation_Specification_AR_v2.docx,2.1.0,2b8c290cb2c90910d8a50e048b477b5ee2caafd70fdc2e02785674c192af91ca,,generated_verified
ART-0048,,json,VVIP_TIGER_Global_Implementation_Specification_AR_v2.json,sources/VVIP_TIGER_Global_Implementation_Specification_AR_v2.json,2.1.0,faca1b2393ea8bc4c57e46f09a91ff6d7841ea0b5dfa66e12ba55d9ca4f14263,,generated_verified
ART-0049,,md,VVIP_TIGER_Global_Implementation_Specification_AR_v2.md,sources/VVIP_TIGER_Global_Implementation_Specification_AR_v2.md,2.1.0,37d331d858426fde02233b1cbecefa23d5f75488c488d7816199f5128049b66d,,generated_verified
ART-0050,,mjs,project_control_integrity.test.mjs,tests/project_control_integrity.test.mjs,2.1.0,2da5336e9ebfe5897c29720e8589aa09ed71e67498ec8a2fc0ce0ef47baaa86a,,generated_verified
