country_code,country_name,launch_status,browse_public_enabled,signup_enabled,listing_enabled,messaging_enabled,payments_enabled,minimum_age,legal_review_status,data_region,default_currency,supported_languages,prohibited_categories_policy,notes
AD,Andorra,blocked_pending_review,true,false,false,false,false,18,pending,unassigned,unassigned,unassigned,global_default_plus_local_review,"Enable only after legal, operational, language, payment and moderation gates are approved."
AE,United Arab Emirates,blocked_pending_review,true,false,false,false,false,18,pending,unassigned,unassigned,unassigned,global_default_plus_local_review,"Enable only after legal, operational, language, payment and moderation gates are approved."
AF,Afghanistan,blocked_pending_review,true,false,false,false,false,18,pending,unassigned,unassigned,unassigned,global_default_plus_local_review,"Enable only after legal, operational, language, payment and moderation gates are approved."
AG,Antigua and Barbuda,blocked_pending_review,true,false,false,false,false,18,pending,unassigned,unassigned,unassigned,global_default_plus_local_review,"Enable only after legal, operational, language, payment and moderation gates are approved."
AI,Anguilla,blocked_pending_review,true,false,false,false,false,18,pending,unassigned,unassigned,unassigned,global_default_plus_local_review,"Enable only after legal, operational, language, payment and moderation gates are approved."
AL,Albania,blocked_pending_review,true,false,false,false,false,18,pending,unassigned,unassigned,unassigned,global_default_plus_local_review,"Enable only after legal, operational, language, payment and moderation gates are approved."
AM,Armenia,blocked_pending_review,true,false,false,false,false,18,pending,unassigned,unassigned,unassigned,global_default_plus_local_review,"Enable only after legal, operational, language, payment and moderation gates are approved."
AO,Angola,blocked_pending_review,true,false,false,false,false,18,pending,unassigned,unassigned,unassigned,global_default_plus_local_review,"Enable only after legal, operational, language, payment and moderation gates are approved."
AQ,Antarctica,blocked_pending_review,true,false,false,false,false,18,pending,unassigned,unassigned,unassigned,global_default_plus_local_review,"Enable only after legal, operational, language, payment and moderation gates are approved."
AR,Argentina,blocked_pending_review,true,false,false,false,false,18,pending,unassigned,unassigned,unassigned,global_default_plus_local_review,"Enable only after legal, operational, language, payment and moderation gates are approved."
AS,American Samoa,blocked_pending_review,true,false,false,false,false,18,pending,unassigned,unassigned,unassigned,global_default_plus_local_review,"Enable only after legal, operational, language, payment and moderation gates are approved."
AT,Austria,blocked_pending_review,true,false,false,false,false,18,pending,unassigned,unassigned,unassigned,global_default_plus_local_review,"Enable only after legal, operational, language, payment and moderation gates are approved."
AU,Australia,blocked_pending_review,true,false,false,false,false,18,pending,unassigned,unassigned,unassigned,global_default_plus_local_review,"Enable only after legal, operational, language, payment and moderation gates are approved."
AW,Aruba,blocked_pending_review,true,false,false,false,false,18,pending,unassigned,unassigned,unassigned,global_default_plus_local_review,"Enable only after legal, operational, language, payment and moderation gates are approved."
AX,Åland Islands,blocked_pending_review,true,false,false,false,false,18,pending,unassigned,unassigned,unassigned,global_default_plus_local_review,"Enable only after legal, operational, language, payment and moderation gates are approved."
AZ,Azerbaijan,blocked_pending_review,true,false,false,false,false,18,pending,unassigned,unassigned,unassigned,global_default_plus_local_review,"Enable only after legal, operational, language, payment and moderation gates are approved."
BA,Bosnia and Herzegovina,blocked_pending_review,true,false,false,false,false,18,pending,unassigned,unassigned,unassigned,global_default_plus_local_review,"Enable only after legal, operational, language, payment and moderation gates are approved."
BB,Barbados,blocked_pending_review,true,false,false,false,false,18,pending,unassigned,unassigned,unassigned,global_default_plus_local_review,"Enable only after legal, operational, language, payment and moderation gates are approved."
BD,Bangladesh,blocked_pending_review,true,false,false,false,false,18,pending,unassigned,unassigned,unassigned,global_default_plus_local_review,"Enable only after legal, operational, language, payment and moderation gates are approved."
BE,Belgium,blocked_pending_review,true,false,false,false,false,18,pending,unassigned,unassigned,unassigned,global_default_plus_local_review,"Enable only after legal, operational, language, payment and moderation gates are approved."
BF,Burkina Faso,blocked_pending_review,true,false,false,false,false,18,pending,unassigned,unassigned,unassigned,global_default_plus_local_review,"Enable only after legal, operational, language, payment and moderation gates are approved."
BG,Bulgaria,blocked_pending_review,true,false,false,false,false,18,pending,unassigned,unassigned,unassigned,global_default_plus_local_review,"Enable only after legal, operational, language, payment and moderation gates are approved."
BH,Bahrain,blocked_pending_review,true,false,false,false,false,18,pending,unassigned,unassigned,unassigned,global_default_plus_local_review,"Enable only after legal, operational, language, payment and moderation gates are approved."
BI,Burundi,blocked_pending_review,true,false,false,false,false,18,pending,unassigned,unassigned,unassigned,global_default_plus_local_review,"Enable only after legal, operational, language, payment and moderation gates are approved."
BJ,Benin,blocked_pending_review,true,false,false,false,false,18,pending,unassigned,unassigned,unassigned,global_default_plus_local_review,"Enable only after legal, operational, language, payment and moderation gates are approved."
BL,Saint Barthélemy,blocked_pending_review,true,false,false,false,false,18,pending,unassigned,unassigned,unassigned,global_default_plus_local_review,"Enable only after legal, operational, language, payment and moderation gates are approved."
BM,Bermuda,blocked_pending_review,true,false,false,false,false,18,pending,unassigned,unassigned,unassigned,global_default_plus_local_review,"Enable only after legal, operational, language, payment and moderation gates are approved."
BN,Brunei Darussalam,blocked_pending_review,true,false,false,false,false,18,pending,unassigned,unassigned,unassigned,global_default_plus_local_review,"Enable only after legal, operational, language, payment and moderation gates are approved."
BO,"Bolivia, Plurinational State of",blocked_pending_review,true,false,false,false,false,18,pending,unassigned,unassigned,unassigned,global_default_plus_local_review,"Enable only after legal, operational, language, payment and moderation gates are approved."
BQ,"Bonaire, Sint Eustatius and Saba",blocked_pending_review,true,false,false,false,false,18,pending,unassigned,unassigned,unassigned,global_default_plus_local_review,"Enable only after legal, operational, language, payment and moderation gates are approved."
BR,Brazil,blocked_pending_review,true,false,false,false,false,18,pending,unassigned,unassigned,unassigned,global_default_plus_local_review,"Enable only after legal, operational, language, payment and moderation gates are approved."
BS,Bahamas,blocked_pending_review,true,false,false,false,false,18,pending,unassigned,unassigned,unassigned,global_default_plus_local_review,"Enable only after legal, operational, language, payment and moderation gates are approved."
BT,Bhutan,blocked_pending_review,true,false,false,false,false,18,pending,unassigned,unassigned,unassigned,global_default_plus_local_review,"Enable only after legal, operational, language, payment and moderation gates are approved."
BV,Bouvet Island,blocked_pending_review,true,false,false,false,false,18,pending,unassigned,unassigned,unassigned,global_default_plus_local_review,"Enable only after legal, operational, language, payment and moderation gates are approved."
BW,Botswana,blocked_pending_review,true,false,false,false,false,18,pending,unassigned,unassigned,unassigned,global_default_plus_local_review,"Enable only after legal, operational, language, payment and moderation gates are approved."
BY,Belarus,blocked_pending_review,true,false,false,false,false,18,pending,unassigned,unassigned,unassigned,global_default_plus_local_review,"Enable only after legal, operational, language, payment and moderation gates are approved."
BZ,Belize,blocked_pending_review,true,false,false,false,false,18,pending,unassigned,unassigned,unassigned,global_default_plus_local_review,"Enable only after legal, operational, language, payment and moderation gates are approved."
CA,Canada,blocked_pending_review,true,false,false,false,false,18,pending,unassigned,unassigned,unassigned,global_default_plus_local_review,"Enable only after legal, operational, language, payment and moderation gates are approved."
CC,Cocos (Keeling) Islands,blocked_pending_review,true,false,false,false,false,18,pending,unassigned,unassigned,unassigned,global_default_plus_local_review,"Enable only after legal, operational, language, payment and moderation gates are approved."
CD,"Congo, The Democratic Republic of the",blocked_pending_review,true,false,false,false,false,18,pending,unassigned,unassigned,unassigned,global_default_plus_local_review,"Enable only after legal, operational, language, payment and moderation gates are approved."
CF,Central African Republic,blocked_pending_review,true,false,false,false,false,18,pending,unassigned,unassigned,unassigned,global_default_plus_local_review,"Enable only after legal, operational, language, payment and moderation gates are approved."
CG,Congo,blocked_pending_review,true,false,false,false,false,18,pending,unassigned,unassigned,unassigned,global_default_plus_local_review,"Enable only after legal, operational, language, payment and moderation gates are approved."
CH,Switzerland,blocked_pending_review,true,false,false,false,false,18,pending,unassigned,unassigned,unassigned,global_default_plus_local_review,"Enable only after legal, operational, language, payment and moderation gates are approved."
CI,Côte d'Ivoire,blocked_pending_review,true,false,false,false,false,18,pending,unassigned,unassigned,unassigned,global_default_plus_local_review,"Enable only after legal, operational, language, payment and moderation gates are approved."
CK,Cook Islands,blocked_pending_review,true,false,false,false,false,18,pending,unassigned,unassigned,unassigned,global_default_plus_local_review,"Enable only after legal, operational, language, payment and moderation gates are approved."
CL,Chile,blocked_pending_review,true,false,false,false,false,18,pending,unassigned,unassigned,unassigned,global_default_plus_local_review,"Enable only after legal, operational, language, payment and moderation gates are approved."
CM,Cameroon,blocked_pending_review,true,false,false,false,false,18,pending,unassigned,unassigned,unassigned,global_default_plus_local_review,"Enable only after legal, operational, language, payment and moderation gates are approved."
CN,China,blocked_pending_review,true,false,false,false,false,18,pending,unassigned,unassigned,unassigned,global_default_plus_local_review,"Enable only after legal, operational, language, payment and moderation gates are approved."
CO,Colombia,blocked_pending_review,true,false,false,false,false,18,pending,unassigned,unassigned,unassigned,global_default_plus_local_review,"Enable only after legal, operational, language, payment and moderation gates are approved."
CR,Costa Rica,blocked_pending_review,true,false,false,false,false,18,pending,unassigned,unassigned,unassigned,global_default_plus_local_review,"Enable only after legal, operational, language, payment and moderation gates are approved."
CU,Cuba,blocked_pending_review,true,false,false,false,false,18,pending,unassigned,unassigned,unassigned,global_default_plus_local_review,"Enable only after legal, operational, language, payment and moderation gates are approved."
CV,Cabo Verde,blocked_pending_review,true,false,false,false,false,18,pending,unassigned,unassigned,unassigned,global_default_plus_local_review,"Enable only after legal, operational, language, payment and moderation gates are approved."
CW,Curaçao,blocked_pending_review,true,false,false,false,false,18,pending,unassigned,unassigned,unassigned,global_default_plus_local_review,"Enable only after legal, operational, language, payment and moderation gates are approved."
CX,Christmas Island,blocked_pending_review,true,false,false,false,false,18,pending,unassigned,unassigned,unassigned,global_default_plus_local_review,"Enable only after legal, operational, language, payment and moderation gates are approved."
CY,Cyprus,blocked_pending_review,true,false,false,false,false,18,pending,unassigned,unassigned,unassigned,global_default_plus_local_review,"Enable only after legal, operational, language, payment and moderation gates are approved."
CZ,Czechia,blocked_pending_review,true,false,false,false,false,18,pending,unassigned,unassigned,unassigned,global_default_plus_local_review,"Enable only after legal, operational, language, payment and moderation gates are approved."
DE,Germany,blocked_pending_review,true,false,false,false,false,18,pending,unassigned,unassigned,unassigned,global_default_plus_local_review,"Enable only after legal, operational, language, payment and moderation gates are approved."
DJ,Djibouti,blocked_pending_review,true,false,false,false,false,18,pending,unassigned,unassigned,unassigned,global_default_plus_local_review,"Enable only after legal, operational, language, payment and moderation gates are approved."
DK,Denmark,blocked_pending_review,true,false,false,false,false,18,pending,unassigned,unassigned,unassigned,global_default_plus_local_review,"Enable only after legal, operational, language, payment and moderation gates are approved."
DM,Dominica,blocked_pending_review,true,false,false,false,false,18,pending,unassigned,unassigned,unassigned,global_default_plus_local_review,"Enable only after legal, operational, language, payment and moderation gates are approved."
DO,Dominican Republic,blocked_pending_review,true,false,false,false,false,18,pending,unassigned,unassigned,unassigned,global_default_plus_local_review,"Enable only after legal, operational, language, payment and moderation gates are approved."
DZ,Algeria,blocked_pending_review,true,false,false,false,false,18,pending,unassigned,unassigned,unassigned,global_default_plus_local_review,"Enable only after legal, operational, language, payment and moderation gates are approved."
EC,Ecuador,blocked_pending_review,true,false,false,false,false,18,pending,unassigned,unassigned,unassigned,global_default_plus_local_review,"Enable only after legal, operational, language, payment and moderation gates are approved."
EE,Estonia,blocked_pending_review,true,false,false,false,false,18,pending,unassigned,unassigned,unassigned,global_default_plus_local_review,"Enable only after legal, operational, language, payment and moderation gates are approved."
EG,Egypt,blocked_pending_review,true,false,false,false,false,18,pending,unassigned,unassigned,unassigned,global_default_plus_local_review,"Enable only after legal, operational, language, payment and moderation gates are approved."
EH,Western Sahara,blocked_pending_review,true,false,false,false,false,18,pending,unassigned,unassigned,unassigned,global_default_plus_local_review,"Enable only after legal, operational, language, payment and moderation gates are approved."
ER,Eritrea,blocked_pending_review,true,false,false,false,false,18,pending,unassigned,unassigned,unassigned,global_default_plus_local_review,"Enable only after legal, operational, language, payment and moderation gates are approved."
ES,Spain,blocked_pending_review,true,false,false,false,false,18,pending,unassigned,unassigned,unassigned,global_default_plus_local_review,"Enable only after legal, operational, language, payment and moderation gates are approved."
ET,Ethiopia,blocked_pending_review,true,false,false,false,false,18,pending,unassigned,unassigned,unassigned,global_default_plus_local_review,"Enable only after legal, operational, language, payment and moderation gates are approved."
FI,Finland,blocked_pending_review,true,false,false,false,false,18,pending,unassigned,unassigned,unassigned,global_default_plus_local_review,"Enable only after legal, operational, language, payment and moderation gates are approved."
FJ,Fiji,blocked_pending_review,true,false,false,false,false,18,pending,unassigned,unassigned,unassigned,global_default_plus_local_review,"Enable only after legal, operational, language, payment and moderation gates are approved."
FK,Falkland Islands (Malvinas),blocked_pending_review,true,false,false,false,false,18,pending,unassigned,unassigned,unassigned,global_default_plus_local_review,"Enable only after legal, operational, language, payment and moderation gates are approved."
FM,"Micronesia, Federated States of",blocked_pending_review,true,false,false,false,false,18,pending,unassigned,unassigned,unassigned,global_default_plus_local_review,"Enable only after legal, operational, language, payment and moderation gates are approved."
FO,Faroe Islands,blocked_pending_review,true,false,false,false,false,18,pending,unassigned,unassigned,unassigned,global_default_plus_local_review,"Enable only after legal, operational, language, payment and moderation gates are approved."
FR,France,blocked_pending_review,true,false,false,false,false,18,pending,unassigned,unassigned,unassigned,global_default_plus_local_review,"Enable only after legal, operational, language, payment and moderation gates are approved."
GA,Gabon,blocked_pending_review,true,false,false,false,false,18,pending,unassigned,unassigned,unassigned,global_default_plus_local_review,"Enable only after legal, operational, language, payment and moderation gates are approved."
GB,United Kingdom,blocked_pending_review,true,false,false,false,false,18,pending,unassigned,unassigned,unassigned,global_default_plus_local_review,"Enable only after legal, operational, language, payment and moderation gates are approved."
GD,Grenada,blocked_pending_review,true,false,false,false,false,18,pending,unassigned,unassigned,unassigned,global_default_plus_local_review,"Enable only after legal, operational, language, payment and moderation gates are approved."
GE,Georgia,blocked_pending_review,true,false,false,false,false,18,pending,unassigned,unassigned,unassigned,global_default_plus_local_review,"Enable only after legal, operational, language, payment and moderation gates are approved."
GF,French Guiana,blocked_pending_review,true,false,false,false,false,18,pending,unassigned,unassigned,unassigned,global_default_plus_local_review,"Enable only after legal, operational, language, payment and moderation gates are approved."
GG,Guernsey,blocked_pending_review,true,false,false,false,false,18,pending,unassigned,unassigned,unassigned,global_default_plus_local_review,"Enable only after legal, operational, language, payment and moderation gates are approved."
GH,Ghana,blocked_pending_review,true,false,false,false,false,18,pending,unassigned,unassigned,unassigned,global_default_plus_local_review,"Enable only after legal, operational, language, payment and moderation gates are approved."
GI,Gibraltar,blocked_pending_review,true,false,false,false,false,18,pending,unassigned,unassigned,unassigned,global_default_plus_local_review,"Enable only after legal, operational, language, payment and moderation gates are approved."
GL,Greenland,blocked_pending_review,true,false,false,false,false,18,pending,unassigned,unassigned,unassigned,global_default_plus_local_review,"Enable only after legal, operational, language, payment and moderation gates are approved."
GM,Gambia,blocked_pending_review,true,false,false,false,false,18,pending,unassigned,unassigned,unassigned,global_default_plus_local_review,"Enable only after legal, operational, language, payment and moderation gates are approved."
GN,Guinea,blocked_pending_review,true,false,false,false,false,18,pending,unassigned,unassigned,unassigned,global_default_plus_local_review,"Enable only after legal, operational, language, payment and moderation gates are approved."
GP,Guadeloupe,blocked_pending_review,true,false,false,false,false,18,pending,unassigned,unassigned,unassigned,global_default_plus_local_review,"Enable only after legal, operational, language, payment and moderation gates are approved."
GQ,Equatorial Guinea,blocked_pending_review,true,false,false,false,false,18,pending,unassigned,unassigned,unassigned,global_default_plus_local_review,"Enable only after legal, operational, language, payment and moderation gates are approved."
GR,Greece,blocked_pending_review,true,false,false,false,false,18,pending,unassigned,unassigned,unassigned,global_default_plus_local_review,"Enable only after legal, operational, language, payment and moderation gates are approved."
GS,South Georgia and the South Sandwich Islands,blocked_pending_review,true,false,false,false,false,18,pending,unassigned,unassigned,unassigned,global_default_plus_local_review,"Enable only after legal, operational, language, payment and moderation gates are approved."
GT,Guatemala,blocked_pending_review,true,false,false,false,false,18,pending,unassigned,unassigned,unassigned,global_default_plus_local_review,"Enable only after legal, operational, language, payment and moderation gates are approved."
GU,Guam,blocked_pending_review,true,false,false,false,false,18,pending,unassigned,unassigned,unassigned,global_default_plus_local_review,"Enable only after legal, operational, language, payment and moderation gates are approved."
GW,Guinea-Bissau,blocked_pending_review,true,false,false,false,false,18,pending,unassigned,unassigned,unassigned,global_default_plus_local_review,"Enable only after legal, operational, language, payment and moderation gates are approved."
GY,Guyana,blocked_pending_review,true,false,false,false,false,18,pending,unassigned,unassigned,unassigned,global_default_plus_local_review,"Enable only after legal, operational, language, payment and moderation gates are approved."
HK,Hong Kong,blocked_pending_review,true,false,false,false,false,18,pending,unassigned,unassigned,unassigned,global_default_plus_local_review,"Enable only after legal, operational, language, payment and moderation gates are approved."
HM,Heard Island and McDonald Islands,blocked_pending_review,true,false,false,false,false,18,pending,unassigned,unassigned,unassigned,global_default_plus_local_review,"Enable only after legal, operational, language, payment and moderation gates are approved."
HN,Honduras,blocked_pending_review,true,false,false,false,false,18,pending,unassigned,unassigned,unassigned,global_default_plus_local_review,"Enable only after legal, operational, language, payment and moderation gates are approved."
HR,Croatia,blocked_pending_review,true,false,false,false,false,18,pending,unassigned,unassigned,unassigned,global_default_plus_local_review,"Enable only after legal, operational, language, payment and moderation gates are approved."
HT,Haiti,blocked_pending_review,true,false,false,false,false,18,pending,unassigned,unassigned,unassigned,global_default_plus_local_review,"Enable only after legal, operational, language, payment and moderation gates are approved."
HU,Hungary,blocked_pending_review,true,false,false,false,false,18,pending,unassigned,unassigned,unassigned,global_default_plus_local_review,"Enable only after legal, operational, language, payment and moderation gates are approved."
ID,Indonesia,blocked_pending_review,true,false,false,false,false,18,pending,unassigned,unassigned,unassigned,global_default_plus_local_review,"Enable only after legal, operational, language, payment and moderation gates are approved."
IE,Ireland,blocked_pending_review,true,false,false,false,false,18,pending,unassigned,unassigned,unassigned,global_default_plus_local_review,"Enable only after legal, operational, language, payment and moderation gates are approved."
IL,Israel,blocked_pending_review,true,false,false,false,false,18,pending,unassigned,unassigned,unassigned,global_default_plus_local_review,"Enable only after legal, operational, language, payment and moderation gates are approved."
IM,Isle of Man,blocked_pending_review,true,false,false,false,false,18,pending,unassigned,unassigned,unassigned,global_default_plus_local_review,"Enable only after legal, operational, language, payment and moderation gates are approved."
IN,India,blocked_pending_review,true,false,false,false,false,18,pending,unassigned,unassigned,unassigned,global_default_plus_local_review,"Enable only after legal, operational, language, payment and moderation gates are approved."
IO,British Indian Ocean Territory,blocked_pending_review,true,false,false,false,false,18,pending,unassigned,unassigned,unassigned,global_default_plus_local_review,"Enable only after legal, operational, language, payment and moderation gates are approved."
IQ,Iraq,blocked_pending_review,true,false,false,false,false,18,pending,unassigned,unassigned,unassigned,global_default_plus_local_review,"Enable only after legal, operational, language, payment and moderation gates are approved."
IR,"Iran, Islamic Republic of",blocked_pending_review,true,false,false,false,false,18,pending,unassigned,unassigned,unassigned,global_default_plus_local_review,"Enable only after legal, operational, language, payment and moderation gates are approved."
IS,Iceland,blocked_pending_review,true,false,false,false,false,18,pending,unassigned,unassigned,unassigned,global_default_plus_local_review,"Enable only after legal, operational, language, payment and moderation gates are approved."
IT,Italy,blocked_pending_review,true,false,false,false,false,18,pending,unassigned,unassigned,unassigned,global_default_plus_local_review,"Enable only after legal, operational, language, payment and moderation gates are approved."
JE,Jersey,blocked_pending_review,true,false,false,false,false,18,pending,unassigned,unassigned,unassigned,global_default_plus_local_review,"Enable only after legal, operational, language, payment and moderation gates are approved."
JM,Jamaica,blocked_pending_review,true,false,false,false,false,18,pending,unassigned,unassigned,unassigned,global_default_plus_local_review,"Enable only after legal, operational, language, payment and moderation gates are approved."
JO,Jordan,blocked_pending_review,true,false,false,false,false,18,pending,unassigned,unassigned,unassigned,global_default_plus_local_review,"Enable only after legal, operational, language, payment and moderation gates are approved."
JP,Japan,blocked_pending_review,true,false,false,false,false,18,pending,unassigned,unassigned,unassigned,global_default_plus_local_review,"Enable only after legal, operational, language, payment and moderation gates are approved."
KE,Kenya,blocked_pending_review,true,false,false,false,false,18,pending,unassigned,unassigned,unassigned,global_default_plus_local_review,"Enable only after legal, operational, language, payment and moderation gates are approved."
KG,Kyrgyzstan,blocked_pending_review,true,false,false,false,false,18,pending,unassigned,unassigned,unassigned,global_default_plus_local_review,"Enable only after legal, operational, language, payment and moderation gates are approved."
KH,Cambodia,blocked_pending_review,true,false,false,false,false,18,pending,unassigned,unassigned,unassigned,global_default_plus_local_review,"Enable only after legal, operational, language, payment and moderation gates are approved."
KI,Kiribati,blocked_pending_review,true,false,false,false,false,18,pending,unassigned,unassigned,unassigned,global_default_plus_local_review,"Enable only after legal, operational, language, payment and moderation gates are approved."
KM,Comoros,blocked_pending_review,true,false,false,false,false,18,pending,unassigned,unassigned,unassigned,global_default_plus_local_review,"Enable only after legal, operational, language, payment and moderation gates are approved."
KN,Saint Kitts and Nevis,blocked_pending_review,true,false,false,false,false,18,pending,unassigned,unassigned,unassigned,global_default_plus_local_review,"Enable only after legal, operational, language, payment and moderation gates are approved."
KP,"Korea, Democratic People's Republic of",blocked_pending_review,true,false,false,false,false,18,pending,unassigned,unassigned,unassigned,global_default_plus_local_review,"Enable only after legal, operational, language, payment and moderation gates are approved."
KR,"Korea, Republic of",blocked_pending_review,true,false,false,false,false,18,pending,unassigned,unassigned,unassigned,global_default_plus_local_review,"Enable only after legal, operational, language, payment and moderation gates are approved."
KW,Kuwait,blocked_pending_review,true,false,false,false,false,18,pending,unassigned,unassigned,unassigned,global_default_plus_local_review,"Enable only after legal, operational, language, payment and moderation gates are approved."
KY,Cayman Islands,blocked_pending_review,true,false,false,false,false,18,pending,unassigned,unassigned,unassigned,global_default_plus_local_review,"Enable only after legal, operational, language, payment and moderation gates are approved."
KZ,Kazakhstan,blocked_pending_review,true,false,false,false,false,18,pending,unassigned,unassigned,unassigned,global_default_plus_local_review,"Enable only after legal, operational, language, payment and moderation gates are approved."
LA,Lao People's Democratic Republic,blocked_pending_review,true,false,false,false,false,18,pending,unassigned,unassigned,unassigned,global_default_plus_local_review,"Enable only after legal, operational, language, payment and moderation gates are approved."
LB,Lebanon,blocked_pending_review,true,false,false,false,false,18,pending,unassigned,unassigned,unassigned,global_default_plus_local_review,"Enable only after legal, operational, language, payment and moderation gates are approved."
LC,Saint Lucia,blocked_pending_review,true,false,false,false,false,18,pending,unassigned,unassigned,unassigned,global_default_plus_local_review,"Enable only after legal, operational, language, payment and moderation gates are approved."
LI,Liechtenstein,blocked_pending_review,true,false,false,false,false,18,pending,unassigned,unassigned,unassigned,global_default_plus_local_review,"Enable only after legal, operational, language, payment and moderation gates are approved."
LK,Sri Lanka,blocked_pending_review,true,false,false,false,false,18,pending,unassigned,unassigned,unassigned,global_default_plus_local_review,"Enable only after legal, operational, language, payment and moderation gates are approved."
LR,Liberia,blocked_pending_review,true,false,false,false,false,18,pending,unassigned,unassigned,unassigned,global_default_plus_local_review,"Enable only after legal, operational, language, payment and moderation gates are approved."
LS,Lesotho,blocked_pending_review,true,false,false,false,false,18,pending,unassigned,unassigned,unassigned,global_default_plus_local_review,"Enable only after legal, operational, language, payment and moderation gates are approved."
LT,Lithuania,blocked_pending_review,true,false,false,false,false,18,pending,unassigned,unassigned,unassigned,global_default_plus_local_review,"Enable only after legal, operational, language, payment and moderation gates are approved."
LU,Luxembourg,blocked_pending_review,true,false,false,false,false,18,pending,unassigned,unassigned,unassigned,global_default_plus_local_review,"Enable only after legal, operational, language, payment and moderation gates are approved."
LV,Latvia,blocked_pending_review,true,false,false,false,false,18,pending,unassigned,unassigned,unassigned,global_default_plus_local_review,"Enable only after legal, operational, language, payment and moderation gates are approved."
LY,Libya,blocked_pending_review,true,false,false,false,false,18,pending,unassigned,unassigned,unassigned,global_default_plus_local_review,"Enable only after legal, operational, language, payment and moderation gates are approved."
MA,Morocco,blocked_pending_review,true,false,false,false,false,18,pending,unassigned,unassigned,unassigned,global_default_plus_local_review,"Enable only after legal, operational, language, payment and moderation gates are approved."
MC,Monaco,blocked_pending_review,true,false,false,false,false,18,pending,unassigned,unassigned,unassigned,global_default_plus_local_review,"Enable only after legal, operational, language, payment and moderation gates are approved."
MD,"Moldova, Republic of",blocked_pending_review,true,false,false,false,false,18,pending,unassigned,unassigned,unassigned,global_default_plus_local_review,"Enable only after legal, operational, language, payment and moderation gates are approved."
ME,Montenegro,blocked_pending_review,true,false,false,false,false,18,pending,unassigned,unassigned,unassigned,global_default_plus_local_review,"Enable only after legal, operational, language, payment and moderation gates are approved."
MF,Saint Martin (French part),blocked_pending_review,true,false,false,false,false,18,pending,unassigned,unassigned,unassigned,global_default_plus_local_review,"Enable only after legal, operational, language, payment and moderation gates are approved."
MG,Madagascar,blocked_pending_review,true,false,false,false,false,18,pending,unassigned,unassigned,unassigned,global_default_plus_local_review,"Enable only after legal, operational, language, payment and moderation gates are approved."
MH,Marshall Islands,blocked_pending_review,true,false,false,false,false,18,pending,unassigned,unassigned,unassigned,global_default_plus_local_review,"Enable only after legal, operational, language, payment and moderation gates are approved."
MK,North Macedonia,blocked_pending_review,true,false,false,false,false,18,pending,unassigned,unassigned,unassigned,global_default_plus_local_review,"Enable only after legal, operational, language, payment and moderation gates are approved."
ML,Mali,blocked_pending_review,true,false,false,false,false,18,pending,unassigned,unassigned,unassigned,global_default_plus_local_review,"Enable only after legal, operational, language, payment and moderation gates are approved."
MM,Myanmar,blocked_pending_review,true,false,false,false,false,18,pending,unassigned,unassigned,unassigned,global_default_plus_local_review,"Enable only after legal, operational, language, payment and moderation gates are approved."
MN,Mongolia,blocked_pending_review,true,false,false,false,false,18,pending,unassigned,unassigned,unassigned,global_default_plus_local_review,"Enable only after legal, operational, language, payment and moderation gates are approved."
MO,Macao,blocked_pending_review,true,false,false,false,false,18,pending,unassigned,unassigned,unassigned,global_default_plus_local_review,"Enable only after legal, operational, language, payment and moderation gates are approved."
MP,Northern Mariana Islands,blocked_pending_review,true,false,false,false,false,18,pending,unassigned,unassigned,unassigned,global_default_plus_local_review,"Enable only after legal, operational, language, payment and moderation gates are approved."
MQ,Martinique,blocked_pending_review,true,false,false,false,false,18,pending,unassigned,unassigned,unassigned,global_default_plus_local_review,"Enable only after legal, operational, language, payment and moderation gates are approved."
MR,Mauritania,blocked_pending_review,true,false,false,false,false,18,pending,unassigned,unassigned,unassigned,global_default_plus_local_review,"Enable only after legal, operational, language, payment and moderation gates are approved."
MS,Montserrat,blocked_pending_review,true,false,false,false,false,18,pending,unassigned,unassigned,unassigned,global_default_plus_local_review,"Enable only after legal, operational, language, payment and moderation gates are approved."
MT,Malta,blocked_pending_review,true,false,false,false,false,18,pending,unassigned,unassigned,unassigned,global_default_plus_local_review,"Enable only after legal, operational, language, payment and moderation gates are approved."
MU,Mauritius,blocked_pending_review,true,false,false,false,false,18,pending,unassigned,unassigned,unassigned,global_default_plus_local_review,"Enable only after legal, operational, language, payment and moderation gates are approved."
MV,Maldives,blocked_pending_review,true,false,false,false,false,18,pending,unassigned,unassigned,unassigned,global_default_plus_local_review,"Enable only after legal, operational, language, payment and moderation gates are approved."
MW,Malawi,blocked_pending_review,true,false,false,false,false,18,pending,unassigned,unassigned,unassigned,global_default_plus_local_review,"Enable only after legal, operational, language, payment and moderation gates are approved."
MX,Mexico,blocked_pending_review,true,false,false,false,false,18,pending,unassigned,unassigned,unassigned,global_default_plus_local_review,"Enable only after legal, operational, language, payment and moderation gates are approved."
MY,Malaysia,blocked_pending_review,true,false,false,false,false,18,pending,unassigned,unassigned,unassigned,global_default_plus_local_review,"Enable only after legal, operational, language, payment and moderation gates are approved."
MZ,Mozambique,blocked_pending_review,true,false,false,false,false,18,pending,unassigned,unassigned,unassigned,global_default_plus_local_review,"Enable only after legal, operational, language, payment and moderation gates are approved."
NA,Namibia,blocked_pending_review,true,false,false,false,false,18,pending,unassigned,unassigned,unassigned,global_default_plus_local_review,"Enable only after legal, operational, language, payment and moderation gates are approved."
NC,New Caledonia,blocked_pending_review,true,false,false,false,false,18,pending,unassigned,unassigned,unassigned,global_default_plus_local_review,"Enable only after legal, operational, language, payment and moderation gates are approved."
NE,Niger,blocked_pending_review,true,false,false,false,false,18,pending,unassigned,unassigned,unassigned,global_default_plus_local_review,"Enable only after legal, operational, language, payment and moderation gates are approved."
NF,Norfolk Island,blocked_pending_review,true,false,false,false,false,18,pending,unassigned,unassigned,unassigned,global_default_plus_local_review,"Enable only after legal, operational, language, payment and moderation gates are approved."
NG,Nigeria,blocked_pending_review,true,false,false,false,false,18,pending,unassigned,unassigned,unassigned,global_default_plus_local_review,"Enable only after legal, operational, language, payment and moderation gates are approved."
NI,Nicaragua,blocked_pending_review,true,false,false,false,false,18,pending,unassigned,unassigned,unassigned,global_default_plus_local_review,"Enable only after legal, operational, language, payment and moderation gates are approved."
NL,Netherlands,blocked_pending_review,true,false,false,false,false,18,pending,unassigned,unassigned,unassigned,global_default_plus_local_review,"Enable only after legal, operational, language, payment and moderation gates are approved."
NO,Norway,blocked_pending_review,true,false,false,false,false,18,pending,unassigned,unassigned,unassigned,global_default_plus_local_review,"Enable only after legal, operational, language, payment and moderation gates are approved."
NP,Nepal,blocked_pending_review,true,false,false,false,false,18,pending,unassigned,unassigned,unassigned,global_default_plus_local_review,"Enable only after legal, operational, language, payment and moderation gates are approved."
NR,Nauru,blocked_pending_review,true,false,false,false,false,18,pending,unassigned,unassigned,unassigned,global_default_plus_local_review,"Enable only after legal, operational, language, payment and moderation gates are approved."
NU,Niue,blocked_pending_review,true,false,false,false,false,18,pending,unassigned,unassigned,unassigned,global_default_plus_local_review,"Enable only after legal, operational, language, payment and moderation gates are approved."
NZ,New Zealand,blocked_pending_review,true,false,false,false,false,18,pending,unassigned,unassigned,unassigned,global_default_plus_local_review,"Enable only after legal, operational, language, payment and moderation gates are approved."
OM,Oman,blocked_pending_review,true,false,false,false,false,18,pending,unassigned,unassigned,unassigned,global_default_plus_local_review,"Enable only after legal, operational, language, payment and moderation gates are approved."
PA,Panama,blocked_pending_review,true,false,false,false,false,18,pending,unassigned,unassigned,unassigned,global_default_plus_local_review,"Enable only after legal, operational, language, payment and moderation gates are approved."
PE,Peru,blocked_pending_review,true,false,false,false,false,18,pending,unassigned,unassigned,unassigned,global_default_plus_local_review,"Enable only after legal, operational, language, payment and moderation gates are approved."
PF,French Polynesia,blocked_pending_review,true,false,false,false,false,18,pending,unassigned,unassigned,unassigned,global_default_plus_local_review,"Enable only after legal, operational, language, payment and moderation gates are approved."
PG,Papua New Guinea,blocked_pending_review,true,false,false,false,false,18,pending,unassigned,unassigned,unassigned,global_default_plus_local_review,"Enable only after legal, operational, language, payment and moderation gates are approved."
PH,Philippines,blocked_pending_review,true,false,false,false,false,18,pending,unassigned,unassigned,unassigned,global_default_plus_local_review,"Enable only after legal, operational, language, payment and moderation gates are approved."
PK,Pakistan,blocked_pending_review,true,false,false,false,false,18,pending,unassigned,unassigned,unassigned,global_default_plus_local_review,"Enable only after legal, operational, language, payment and moderation gates are approved."
PL,Poland,blocked_pending_review,true,false,false,false,false,18,pending,unassigned,unassigned,unassigned,global_default_plus_local_review,"Enable only after legal, operational, language, payment and moderation gates are approved."
PM,Saint Pierre and Miquelon,blocked_pending_review,true,false,false,false,false,18,pending,unassigned,unassigned,unassigned,global_default_plus_local_review,"Enable only after legal, operational, language, payment and moderation gates are approved."
PN,Pitcairn,blocked_pending_review,true,false,false,false,false,18,pending,unassigned,unassigned,unassigned,global_default_plus_local_review,"Enable only after legal, operational, language, payment and moderation gates are approved."
PR,Puerto Rico,blocked_pending_review,true,false,false,false,false,18,pending,unassigned,unassigned,unassigned,global_default_plus_local_review,"Enable only after legal, operational, language, payment and moderation gates are approved."
PS,"Palestine, State of",blocked_pending_review,true,false,false,false,false,18,pending,unassigned,unassigned,unassigned,global_default_plus_local_review,"Enable only after legal, operational, language, payment and moderation gates are approved."
PT,Portugal,blocked_pending_review,true,false,false,false,false,18,pending,unassigned,unassigned,unassigned,global_default_plus_local_review,"Enable only after legal, operational, language, payment and moderation gates are approved."
PW,Palau,blocked_pending_review,true,false,false,false,false,18,pending,unassigned,unassigned,unassigned,global_default_plus_local_review,"Enable only after legal, operational, language, payment and moderation gates are approved."
PY,Paraguay,blocked_pending_review,true,false,false,false,false,18,pending,unassigned,unassigned,unassigned,global_default_plus_local_review,"Enable only after legal, operational, language, payment and moderation gates are approved."
QA,Qatar,blocked_pending_review,true,false,false,false,false,18,pending,unassigned,unassigned,unassigned,global_default_plus_local_review,"Enable only after legal, operational, language, payment and moderation gates are approved."
RE,Réunion,blocked_pending_review,true,false,false,false,false,18,pending,unassigned,unassigned,unassigned,global_default_plus_local_review,"Enable only after legal, operational, language, payment and moderation gates are approved."
RO,Romania,blocked_pending_review,true,false,false,false,false,18,pending,unassigned,unassigned,unassigned,global_default_plus_local_review,"Enable only after legal, operational, language, payment and moderation gates are approved."
RS,Serbia,blocked_pending_review,true,false,false,false,false,18,pending,unassigned,unassigned,unassigned,global_default_plus_local_review,"Enable only after legal, operational, language, payment and moderation gates are approved."
RU,Russian Federation,blocked_pending_review,true,false,false,false,false,18,pending,unassigned,unassigned,unassigned,global_default_plus_local_review,"Enable only after legal, operational, language, payment and moderation gates are approved."
RW,Rwanda,blocked_pending_review,true,false,false,false,false,18,pending,unassigned,unassigned,unassigned,global_default_plus_local_review,"Enable only after legal, operational, language, payment and moderation gates are approved."
SA,Saudi Arabia,blocked_pending_review,true,false,false,false,false,18,pending,unassigned,unassigned,unassigned,global_default_plus_local_review,"Enable only after legal, operational, language, payment and moderation gates are approved."
SB,Solomon Islands,blocked_pending_review,true,false,false,false,false,18,pending,unassigned,unassigned,unassigned,global_default_plus_local_review,"Enable only after legal, operational, language, payment and moderation gates are approved."
SC,Seychelles,blocked_pending_review,true,false,false,false,false,18,pending,unassigned,unassigned,unassigned,global_default_plus_local_review,"Enable only after legal, operational, language, payment and moderation gates are approved."
SD,Sudan,blocked_pending_review,true,false,false,false,false,18,pending,unassigned,unassigned,unassigned,global_default_plus_local_review,"Enable only after legal, operational, language, payment and moderation gates are approved."
SE,Sweden,blocked_pending_review,true,false,false,false,false,18,pending,unassigned,unassigned,unassigned,global_default_plus_local_review,"Enable only after legal, operational, language, payment and moderation gates are approved."
SG,Singapore,blocked_pending_review,true,false,false,false,false,18,pending,unassigned,unassigned,unassigned,global_default_plus_local_review,"Enable only after legal, operational, language, payment and moderation gates are approved."
SH,"Saint Helena, Ascension and Tristan da Cunha",blocked_pending_review,true,false,false,false,false,18,pending,unassigned,unassigned,unassigned,global_default_plus_local_review,"Enable only after legal, operational, language, payment and moderation gates are approved."
SI,Slovenia,blocked_pending_review,true,false,false,false,false,18,pending,unassigned,unassigned,unassigned,global_default_plus_local_review,"Enable only after legal, operational, language, payment and moderation gates are approved."
SJ,Svalbard and Jan Mayen,blocked_pending_review,true,false,false,false,false,18,pending,unassigned,unassigned,unassigned,global_default_plus_local_review,"Enable only after legal, operational, language, payment and moderation gates are approved."
SK,Slovakia,blocked_pending_review,true,false,false,false,false,18,pending,unassigned,unassigned,unassigned,global_default_plus_local_review,"Enable only after legal, operational, language, payment and moderation gates are approved."
SL,Sierra Leone,blocked_pending_review,true,false,false,false,false,18,pending,unassigned,unassigned,unassigned,global_default_plus_local_review,"Enable only after legal, operational, language, payment and moderation gates are approved."
SM,San Marino,blocked_pending_review,true,false,false,false,false,18,pending,unassigned,unassigned,unassigned,global_default_plus_local_review,"Enable only after legal, operational, language, payment and moderation gates are approved."
SN,Senegal,blocked_pending_review,true,false,false,false,false,18,pending,unassigned,unassigned,unassigned,global_default_plus_local_review,"Enable only after legal, operational, language, payment and moderation gates are approved."
SO,Somalia,blocked_pending_review,true,false,false,false,false,18,pending,unassigned,unassigned,unassigned,global_default_plus_local_review,"Enable only after legal, operational, language, payment and moderation gates are approved."
SR,Suriname,blocked_pending_review,true,false,false,false,false,18,pending,unassigned,unassigned,unassigned,global_default_plus_local_review,"Enable only after legal, operational, language, payment and moderation gates are approved."
SS,South Sudan,blocked_pending_review,true,false,false,false,false,18,pending,unassigned,unassigned,unassigned,global_default_plus_local_review,"Enable only after legal, operational, language, payment and moderation gates are approved."
ST,Sao Tome and Principe,blocked_pending_review,true,false,false,false,false,18,pending,unassigned,unassigned,unassigned,global_default_plus_local_review,"Enable only after legal, operational, language, payment and moderation gates are approved."
SV,El Salvador,blocked_pending_review,true,false,false,false,false,18,pending,unassigned,unassigned,unassigned,global_default_plus_local_review,"Enable only after legal, operational, language, payment and moderation gates are approved."
SX,Sint Maarten (Dutch part),blocked_pending_review,true,false,false,false,false,18,pending,unassigned,unassigned,unassigned,global_default_plus_local_review,"Enable only after legal, operational, language, payment and moderation gates are approved."
SY,Syrian Arab Republic,blocked_pending_review,true,false,false,false,false,18,pending,unassigned,unassigned,unassigned,global_default_plus_local_review,"Enable only after legal, operational, language, payment and moderation gates are approved."
SZ,Eswatini,blocked_pending_review,true,false,false,false,false,18,pending,unassigned,unassigned,unassigned,global_default_plus_local_review,"Enable only after legal, operational, language, payment and moderation gates are approved."
TC,Turks and Caicos Islands,blocked_pending_review,true,false,false,false,false,18,pending,unassigned,unassigned,unassigned,global_default_plus_local_review,"Enable only after legal, operational, language, payment and moderation gates are approved."
TD,Chad,blocked_pending_review,true,false,false,false,false,18,pending,unassigned,unassigned,unassigned,global_default_plus_local_review,"Enable only after legal, operational, language, payment and moderation gates are approved."
TF,French Southern Territories,blocked_pending_review,true,false,false,false,false,18,pending,unassigned,unassigned,unassigned,global_default_plus_local_review,"Enable only after legal, operational, language, payment and moderation gates are approved."
TG,Togo,blocked_pending_review,true,false,false,false,false,18,pending,unassigned,unassigned,unassigned,global_default_plus_local_review,"Enable only after legal, operational, language, payment and moderation gates are approved."
TH,Thailand,blocked_pending_review,true,false,false,false,false,18,pending,unassigned,unassigned,unassigned,global_default_plus_local_review,"Enable only after legal, operational, language, payment and moderation gates are approved."
TJ,Tajikistan,blocked_pending_review,true,false,false,false,false,18,pending,unassigned,unassigned,unassigned,global_default_plus_local_review,"Enable only after legal, operational, language, payment and moderation gates are approved."
TK,Tokelau,blocked_pending_review,true,false,false,false,false,18,pending,unassigned,unassigned,unassigned,global_default_plus_local_review,"Enable only after legal, operational, language, payment and moderation gates are approved."
TL,Timor-Leste,blocked_pending_review,true,false,false,false,false,18,pending,unassigned,unassigned,unassigned,global_default_plus_local_review,"Enable only after legal, operational, language, payment and moderation gates are approved."
TM,Turkmenistan,blocked_pending_review,true,false,false,false,false,18,pending,unassigned,unassigned,unassigned,global_default_plus_local_review,"Enable only after legal, operational, language, payment and moderation gates are approved."
TN,Tunisia,blocked_pending_review,true,false,false,false,false,18,pending,unassigned,unassigned,unassigned,global_default_plus_local_review,"Enable only after legal, operational, language, payment and moderation gates are approved."
TO,Tonga,blocked_pending_review,true,false,false,false,false,18,pending,unassigned,unassigned,unassigned,global_default_plus_local_review,"Enable only after legal, operational, language, payment and moderation gates are approved."
TR,Türkiye,blocked_pending_review,true,false,false,false,false,18,pending,unassigned,unassigned,unassigned,global_default_plus_local_review,"Enable only after legal, operational, language, payment and moderation gates are approved."
TT,Trinidad and Tobago,blocked_pending_review,true,false,false,false,false,18,pending,unassigned,unassigned,unassigned,global_default_plus_local_review,"Enable only after legal, operational, language, payment and moderation gates are approved."
TV,Tuvalu,blocked_pending_review,true,false,false,false,false,18,pending,unassigned,unassigned,unassigned,global_default_plus_local_review,"Enable only after legal, operational, language, payment and moderation gates are approved."
TW,"Taiwan, Province of China",blocked_pending_review,true,false,false,false,false,18,pending,unassigned,unassigned,unassigned,global_default_plus_local_review,"Enable only after legal, operational, language, payment and moderation gates are approved."
TZ,"Tanzania, United Republic of",blocked_pending_review,true,false,false,false,false,18,pending,unassigned,unassigned,unassigned,global_default_plus_local_review,"Enable only after legal, operational, language, payment and moderation gates are approved."
UA,Ukraine,blocked_pending_review,true,false,false,false,false,18,pending,unassigned,unassigned,unassigned,global_default_plus_local_review,"Enable only after legal, operational, language, payment and moderation gates are approved."
UG,Uganda,blocked_pending_review,true,false,false,false,false,18,pending,unassigned,unassigned,unassigned,global_default_plus_local_review,"Enable only after legal, operational, language, payment and moderation gates are approved."
UM,United States Minor Outlying Islands,blocked_pending_review,true,false,false,false,false,18,pending,unassigned,unassigned,unassigned,global_default_plus_local_review,"Enable only after legal, operational, language, payment and moderation gates are approved."
US,United States,blocked_pending_review,true,false,false,false,false,18,pending,unassigned,unassigned,unassigned,global_default_plus_local_review,"Enable only after legal, operational, language, payment and moderation gates are approved."
UY,Uruguay,blocked_pending_review,true,false,false,false,false,18,pending,unassigned,unassigned,unassigned,global_default_plus_local_review,"Enable only after legal, operational, language, payment and moderation gates are approved."
UZ,Uzbekistan,blocked_pending_review,true,false,false,false,false,18,pending,unassigned,unassigned,unassigned,global_default_plus_local_review,"Enable only after legal, operational, language, payment and moderation gates are approved."
VA,Holy See (Vatican City State),blocked_pending_review,true,false,false,false,false,18,pending,unassigned,unassigned,unassigned,global_default_plus_local_review,"Enable only after legal, operational, language, payment and moderation gates are approved."
VC,Saint Vincent and the Grenadines,blocked_pending_review,true,false,false,false,false,18,pending,unassigned,unassigned,unassigned,global_default_plus_local_review,"Enable only after legal, operational, language, payment and moderation gates are approved."
VE,"Venezuela, Bolivarian Republic of",blocked_pending_review,true,false,false,false,false,18,pending,unassigned,unassigned,unassigned,global_default_plus_local_review,"Enable only after legal, operational, language, payment and moderation gates are approved."
VG,"Virgin Islands, British",blocked_pending_review,true,false,false,false,false,18,pending,unassigned,unassigned,unassigned,global_default_plus_local_review,"Enable only after legal, operational, language, payment and moderation gates are approved."
VI,"Virgin Islands, U.S.",blocked_pending_review,true,false,false,false,false,18,pending,unassigned,unassigned,unassigned,global_default_plus_local_review,"Enable only after legal, operational, language, payment and moderation gates are approved."
VN,Viet Nam,blocked_pending_review,true,false,false,false,false,18,pending,unassigned,unassigned,unassigned,global_default_plus_local_review,"Enable only after legal, operational, language, payment and moderation gates are approved."
VU,Vanuatu,blocked_pending_review,true,false,false,false,false,18,pending,unassigned,unassigned,unassigned,global_default_plus_local_review,"Enable only after legal, operational, language, payment and moderation gates are approved."
WF,Wallis and Futuna,blocked_pending_review,true,false,false,false,false,18,pending,unassigned,unassigned,unassigned,global_default_plus_local_review,"Enable only after legal, operational, language, payment and moderation gates are approved."
WS,Samoa,blocked_pending_review,true,false,false,false,false,18,pending,unassigned,unassigned,unassigned,global_default_plus_local_review,"Enable only after legal, operational, language, payment and moderation gates are approved."
YE,Yemen,blocked_pending_review,true,false,false,false,false,18,pending,unassigned,unassigned,unassigned,global_default_plus_local_review,"Enable only after legal, operational, language, payment and moderation gates are approved."
YT,Mayotte,blocked_pending_review,true,false,false,false,false,18,pending,unassigned,unassigned,unassigned,global_default_plus_local_review,"Enable only after legal, operational, language, payment and moderation gates are approved."
ZA,South Africa,blocked_pending_review,true,false,false,false,false,18,pending,unassigned,unassigned,unassigned,global_default_plus_local_review,"Enable only after legal, operational, language, payment and moderation gates are approved."
ZM,Zambia,blocked_pending_review,true,false,false,false,false,18,pending,unassigned,unassigned,unassigned,global_default_plus_local_review,"Enable only after legal, operational, language, payment and moderation gates are approved."
ZW,Zimbabwe,blocked_pending_review,true,false,false,false,false,18,pending,unassigned,unassigned,unassigned,global_default_plus_local_review,"Enable only after legal, operational, language, payment and moderation gates are approved."
