task_code,phase_code,task_title,priority,wave,workflow_status,baseline_status,goal,user_benefit,platform_benefit,prerequisites,responsible_roles,estimate,reference_path
G00-01,G00,وثيقة تعريف المنتج العالمي,P1 — عالٍ,W0 — الأساس والأمان,backlog,جزئي — الرؤية والوثائق موجودة وتحتاج عقد Global V1 نهائي,يحوّل رؤية المنصة إلى عقد منتج ثابت يحدد المستخدمين والقطاعات والميزات وحدود المسؤولية.,يعرف المستخدم بوضوح ما تقدمه المنصة وما لا تقدمه.,يمنع تضخم النطاق ويجعل التكلفة والموعد قابلين للقياس.,قرارات G00 المعتمدة، بيئة Staging، صلاحيات الخدمات، ومخططات/تصاميم ذات صلة.,Product Owner (A)، Technical Lead (R)، Legal/UX (C)، الفريق (I),تجزأ داخل Sprint؛ التقدير النهائي بعد Grooming ضمن مدة المرحلة.,apps/web أو src/modules/product-governance — server/services — supabase/migrations — tests/unit|integration|e2e — docs/adr
G00-02,G00,تحديد نموذج الإيرادات العالمي,P1 — عالٍ,W0 — الأساس والأمان,backlog,جزئي — الرؤية والوثائق موجودة وتحتاج عقد Global V1 نهائي,تحديد الاشتراكات، الإعلانات المميزة، باقات الشركات، وما يؤجل بعد الإطلاق.,يحصل المستخدم على أسعار وباقات مفهومة دون رسوم مفاجئة.,يوحد منطق الاستحقاقات والفوترة منذ البداية.,قرارات G00 المعتمدة، بيئة Staging، صلاحيات الخدمات، ومخططات/تصاميم ذات صلة.,Product Owner (A)، Technical Lead (R)، Legal/UX (C)، الفريق (I),تجزأ داخل Sprint؛ التقدير النهائي بعد Grooming ضمن مدة المرحلة.,apps/web أو src/modules/product-governance — server/services — supabase/migrations — tests/unit|integration|e2e — docs/adr
G00-03,G00,سياسة الدول واللغات والإطلاق,P1 — عالٍ,W0 — الأساس والأمان,backlog,جزئي — الرؤية والوثائق موجودة وتحتاج عقد Global V1 نهائي,تحديد الدول المسموحة والمحظورة واللغات الأولية وآلية التوسع.,تجربة محلية مناسبة للغة والعملة والقانون.,إطلاق عالمي قابل للتحكم بدل فتح غير منضبط.,قرارات G00 المعتمدة، بيئة Staging، صلاحيات الخدمات، ومخططات/تصاميم ذات صلة.,Product Owner (A)، Technical Lead (R)، Legal/UX (C)، الفريق (I),تجزأ داخل Sprint؛ التقدير النهائي بعد Grooming ضمن مدة المرحلة.,apps/web أو src/modules/product-governance — server/services — supabase/migrations — tests/unit|integration|e2e — docs/adr
G01-01,G01,جرد المستودع والملفات والفروع,P0 — حرج,W0 — الأساس والأمان,backlog,قيد التنفيذ — تدقيق وتنظيف المستودع مطلوبان قبل التوسع,حصر كل ما هو مدمج ومحلي وتجريبي وقديم.,يحمي المستخدم من أعطال ناتجة عن أكواد متعارضة.,يمنع ضياع العمل ويقلل الدين التقني.,قرارات G01 المعتمدة، بيئة Staging، صلاحيات الخدمات، ومخططات/تصاميم ذات صلة.,Technical Lead (A/R)، Full-Stack وQA (R)، Product Owner (I),تجزأ داخل Sprint؛ التقدير النهائي بعد Grooming ضمن مدة المرحلة.,apps/web أو src/modules/repository-audit — server/services — supabase/migrations — tests/unit|integration|e2e — docs/adr
G01-02,G01,تثبيت مصدر الحقيقة,P0 — حرج,W0 — الأساس والأمان,backlog,قيد التنفيذ — تدقيق وتنظيف المستودع مطلوبان قبل التوسع,اعتماد مستودع واحد وفرع main واحد وحالة رسمية للمراحل.,يحصل المستخدم على نسخة مستقرة متسقة.,يمنع اختلاف النسخ بين المطورين.,قرارات G01 المعتمدة، بيئة Staging، صلاحيات الخدمات، ومخططات/تصاميم ذات صلة.,Technical Lead (A/R)، Full-Stack وQA (R)، Product Owner (I),تجزأ داخل Sprint؛ التقدير النهائي بعد Grooming ضمن مدة المرحلة.,apps/web أو src/modules/repository-audit — server/services — supabase/migrations — tests/unit|integration|e2e — docs/adr
G01-03,G01,تنظيف Runtime والنسخ القديمة,P0 — حرج,W0 — الأساس والأمان,backlog,قيد التنفيذ — تدقيق وتنظيف المستودع مطلوبان قبل التوسع,إزالة تحميل أنظمة أو سكربتات متكررة مع حفظ أرشيف قابل للاسترجاع.,صفحات أسرع وأخطاء أقل.,خفض التعقيد ومساحة الهجوم.,قرارات G01 المعتمدة، بيئة Staging، صلاحيات الخدمات، ومخططات/تصاميم ذات صلة.,Technical Lead (A/R)، Full-Stack وQA (R)، Product Owner (I),تجزأ داخل Sprint؛ التقدير النهائي بعد Grooming ضمن مدة المرحلة.,apps/web أو src/modules/repository-audit — server/services — supabase/migrations — tests/unit|integration|e2e — docs/adr
G02-01,G02,إنشاء CI إلزامي,P0 — حرج,W0 — الأساس والأمان,backlog,جزئي — توجد اختبارات محلية لكن بوابة CI المنشورة غير مكتملة,تشغيل البناء والاختبارات والفحوص الأمنية على كل PR.,إصدارات أكثر استقرارًا.,تقليل الأعطال اليدوية وتوحيد الجودة.,قرارات G02 المعتمدة، بيئة Staging، صلاحيات الخدمات، ومخططات/تصاميم ذات صلة.,DevOps/SRE (R)، Technical Lead (A)، QA/Security (C),تجزأ داخل Sprint؛ التقدير النهائي بعد Grooming ضمن مدة المرحلة.,apps/web أو src/modules/platform-ci — server/services — supabase/migrations — tests/unit|integration|e2e — docs/adr
G02-02,G02,إعداد البيئات المنفصلة,P0 — حرج,W0 — الأساس والأمان,backlog,جزئي — توجد اختبارات محلية لكن بوابة CI المنشورة غير مكتملة,Development وStaging وProduction بمفاتيح وقواعد بيانات منفصلة.,يحمي بيانات المستخدم من تجارب المطورين.,يمنع نشرًا غير مقصود ويسهل الاختبار.,قرارات G02 المعتمدة، بيئة Staging، صلاحيات الخدمات، ومخططات/تصاميم ذات صلة.,DevOps/SRE (R)، Technical Lead (A)، QA/Security (C),تجزأ داخل Sprint؛ التقدير النهائي بعد Grooming ضمن مدة المرحلة.,apps/web أو src/modules/platform-ci — server/services — supabase/migrations — tests/unit|integration|e2e — docs/adr
G02-03,G02,النشر والتراجع وFeature Flags,P0 — حرج,W0 — الأساس والأمان,backlog,جزئي — توجد اختبارات محلية لكن بوابة CI المنشورة غير مكتملة,نشر آلي قابل للعكس وتشغيل الميزات تدريجيًا.,يتجنب المستخدم أعطالًا واسعة عند إطلاق ميزة.,يتيح تعطيل الوظائف الحساسة دون نشر جديد.,قرارات G02 المعتمدة، بيئة Staging، صلاحيات الخدمات، ومخططات/تصاميم ذات صلة.,DevOps/SRE (R)، Technical Lead (A)، QA/Security (C),تجزأ داخل Sprint؛ التقدير النهائي بعد Grooming ضمن مدة المرحلة.,apps/web أو src/modules/platform-ci — server/services — supabase/migrations — tests/unit|integration|e2e — docs/adr
G03-01,G03,DNS وCDN وWAF عالمي,P1 — عالٍ,W0 — الأساس والأمان,backlog,لم يبدأ إنتاجيًا,توجيه سريع وحماية أولية من الهجمات.,تحميل أسرع من مناطق مختلفة.,خفض الضغط وحماية الخدمة.,قرارات G03 المعتمدة، بيئة Staging، صلاحيات الخدمات، ومخططات/تصاميم ذات صلة.,DevOps/SRE وBackend (R)، Technical Lead (A)، Security (C),تجزأ داخل Sprint؛ التقدير النهائي بعد Grooming ضمن مدة المرحلة.,apps/web أو src/modules/platform-runtime — server/services — supabase/migrations — tests/unit|integration|e2e — docs/adr
G03-02,G03,المراقبة والسجلات والتنبيهات,P1 — عالٍ,W0 — الأساس والأمان,backlog,لم يبدأ إنتاجيًا,تجميع الأخطاء والمقاييس والتتبعات.,حل أسرع للمشكلات التي تواجهه.,معرفة الأعطال قبل الشكاوى.,قرارات G03 المعتمدة، بيئة Staging، صلاحيات الخدمات، ومخططات/تصاميم ذات صلة.,DevOps/SRE وBackend (R)، Technical Lead (A)، Security (C),تجزأ داخل Sprint؛ التقدير النهائي بعد Grooming ضمن مدة المرحلة.,apps/web أو src/modules/platform-runtime — server/services — supabase/migrations — tests/unit|integration|e2e — docs/adr
G03-03,G03,المهام الخلفية والطوابير,P1 — عالٍ,W0 — الأساس والأمان,backlog,لم يبدأ إنتاجيًا,فصل البريد والصور والإشعارات والمهام الثقيلة عن طلب المستخدم.,استجابة أسرع وعدم فقدان العمليات.,تحمل الأعطال وإعادة المحاولة.,قرارات G03 المعتمدة، بيئة Staging، صلاحيات الخدمات، ومخططات/تصاميم ذات صلة.,DevOps/SRE وBackend (R)، Technical Lead (A)، Security (C),تجزأ داخل Sprint؛ التقدير النهائي بعد Grooming ضمن مدة المرحلة.,apps/web أو src/modules/platform-runtime — server/services — supabase/migrations — tests/unit|integration|e2e — docs/adr
G04-01,G04,توحيد Clerk كنظام الهوية الوحيد,P0 — حرج,W0 — الأساس والأمان,backlog,قيد التنفيذ — إصلاح Clerk مدمج والجسر الكامل غير مغلق,إلغاء مسارات الدخول المتضاربة واعتماد البريد وGoogle.,دخول واضح واستعادة كلمة المرور بسهولة.,خفض أخطاء الحسابات والدعم.,قرارات G04 المعتمدة، بيئة Staging، صلاحيات الخدمات، ومخططات/تصاميم ذات صلة.,Backend Security (R)، Technical Lead (A)، Frontend/QA (C),تجزأ داخل Sprint؛ التقدير النهائي بعد Grooming ضمن مدة المرحلة.,apps/web أو src/modules/identity — server/services — supabase/migrations — tests/unit|integration|e2e — docs/adr
G04-02,G04,ربط Clerk بملف Supabase الداخلي,P0 — حرج,W0 — الأساس والأمان,backlog,قيد التنفيذ — إصلاح Clerk مدمج والجسر الكامل غير مغلق,إنشاء ملف واحد ثابت لكل هوية خارجية.,يحتفظ المستخدم ببياناته عبر الأجهزة.,سلامة العلاقات والاشتراكات والإعلانات.,قرارات G04 المعتمدة، بيئة Staging، صلاحيات الخدمات، ومخططات/تصاميم ذات صلة.,Backend Security (R)، Technical Lead (A)، Frontend/QA (C),تجزأ داخل Sprint؛ التقدير النهائي بعد Grooming ضمن مدة المرحلة.,apps/web أو src/modules/identity — server/services — supabase/migrations — tests/unit|integration|e2e — docs/adr
G04-03,G04,MFA وجلسات الإدارة,P0 — حرج,W0 — الأساس والأمان,backlog,قيد التنفيذ — إصلاح Clerk مدمج والجسر الكامل غير مغلق,رفع حماية الحسابات الإدارية.,يحمي بيانات المستخدم من اختراق موظف.,تقليل خطر الاستيلاء على لوحة الإدارة.,قرارات G04 المعتمدة، بيئة Staging، صلاحيات الخدمات، ومخططات/تصاميم ذات صلة.,Backend Security (R)، Technical Lead (A)، Frontend/QA (C),تجزأ داخل Sprint؛ التقدير النهائي بعد Grooming ضمن مدة المرحلة.,apps/web أو src/modules/identity — server/services — supabase/migrations — tests/unit|integration|e2e — docs/adr
G05-01,G05,اعتماد مخطط قاعدة البيانات,P0 — حرج,W0 — الأساس والأمان,backlog,متوقف — تدقيق Supabase البعيد وRLS/Storage لم يغلق,تحويل التصميم إلى schema رسمي قابل للترحيل.,بيانات مستقرة وسليمة.,قاعدة قابلة للنمو والتدقيق.,قرارات G05 المعتمدة، بيئة Staging، صلاحيات الخدمات، ومخططات/تصاميم ذات صلة.,Backend Database Security (R)، Technical Lead (A)، QA/DevOps (C),تجزأ داخل Sprint؛ التقدير النهائي بعد Grooming ضمن مدة المرحلة.,apps/web أو src/modules/data-security — server/services — supabase/migrations — tests/unit|integration|e2e — docs/adr
G05-02,G05,تطبيق RLS الشامل,P0 — حرج,W0 — الأساس والأمان,backlog,متوقف — تدقيق Supabase البعيد وRLS/Storage لم يغلق,تحديد من يقرأ ويكتب كل صف.,خصوصية فعلية بين الحسابات.,منع التسريب حتى لو تم تجاوز الواجهة.,قرارات G05 المعتمدة، بيئة Staging، صلاحيات الخدمات، ومخططات/تصاميم ذات صلة.,Backend Database Security (R)، Technical Lead (A)، QA/DevOps (C),تجزأ داخل Sprint؛ التقدير النهائي بعد Grooming ضمن مدة المرحلة.,apps/web أو src/modules/data-security — server/services — supabase/migrations — tests/unit|integration|e2e — docs/adr
G05-03,G05,سياسات التخزين والنسخ الاحتياطي,P0 — حرج,W0 — الأساس والأمان,backlog,متوقف — تدقيق Supabase البعيد وRLS/Storage لم يغلق,حماية الصور والملفات وتجربة الاستعادة.,لا تظهر الملفات الخاصة لغير أصحابها.,استمرارية العمل بعد الحذف أو العطل.,قرارات G05 المعتمدة، بيئة Staging، صلاحيات الخدمات، ومخططات/تصاميم ذات صلة.,Backend Database Security (R)، Technical Lead (A)، QA/DevOps (C),تجزأ داخل Sprint؛ التقدير النهائي بعد Grooming ضمن مدة المرحلة.,apps/web أو src/modules/data-security — server/services — supabase/migrations — tests/unit|integration|e2e — docs/adr
G06-01,G06,قاعدة بيانات الدول والمناطق,P1 — عالٍ,W1 — المنتج الأساسي,backlog,مخطط وغير منفذ كنظام عالمي,تمثيل الدول والمدن والمناطق بشكل معياري.,اختيار موقع صحيح وبحث محلي دقيق.,تقارير وتوسع دون نصوص عشوائية.,قرارات G06 المعتمدة، بيئة Staging، صلاحيات الخدمات، ومخططات/تصاميم ذات صلة.,Product + Backend (R)، Product Owner (A)، Legal/Localization (C),تجزأ داخل Sprint؛ التقدير النهائي بعد Grooming ضمن مدة المرحلة.,apps/web أو src/modules/globalization — server/services — supabase/migrations — tests/unit|integration|e2e — docs/adr
G06-02,G06,العملات والمناطق الزمنية والوحدات,P1 — عالٍ,W1 — المنتج الأساسي,backlog,مخطط وغير منفذ كنظام عالمي,إظهار الأسعار والتاريخ والقياسات حسب المستخدم.,تجربة مألوفة في كل بلد.,خفض اللبس والنزاعات.,قرارات G06 المعتمدة، بيئة Staging، صلاحيات الخدمات، ومخططات/تصاميم ذات صلة.,Product + Backend (R)، Product Owner (A)، Legal/Localization (C),تجزأ داخل Sprint؛ التقدير النهائي بعد Grooming ضمن مدة المرحلة.,apps/web أو src/modules/globalization — server/services — supabase/migrations — tests/unit|integration|e2e — docs/adr
G06-03,G06,Capability Matrix,P1 — عالٍ,W1 — المنتج الأساسي,backlog,مخطط وغير منفذ كنظام عالمي,تشغيل أو منع التسجيل والنشر والدفع حسب الدولة.,لا يرى المستخدم ميزة غير متاحة قانونيًا.,تحكم عالمي من لوحة الإدارة.,قرارات G06 المعتمدة، بيئة Staging، صلاحيات الخدمات، ومخططات/تصاميم ذات صلة.,Product + Backend (R)، Product Owner (A)، Legal/Localization (C),تجزأ داخل Sprint؛ التقدير النهائي بعد Grooming ضمن مدة المرحلة.,apps/web أو src/modules/globalization — server/services — supabase/migrations — tests/unit|integration|e2e — docs/adr
G07-01,G07,رحلة Onboarding,P1 — عالٍ,W1 — المنتج الأساسي,backlog,جزئي — واجهات/نماذج موجودة والخدمة المتصلة غير مكتملة,جمع الحد الأدنى من البيانات بعد التسجيل.,بداية سهلة وموجهة.,رفع نسبة إكمال الحساب.,قرارات G07 المعتمدة، بيئة Staging، صلاحيات الخدمات، ومخططات/تصاميم ذات صلة.,Full-Stack + Frontend (R)، Product Owner (A)، QA/Privacy (C),تجزأ داخل Sprint؛ التقدير النهائي بعد Grooming ضمن مدة المرحلة.,apps/web أو src/modules/accounts — server/services — supabase/migrations — tests/unit|integration|e2e — docs/adr
G07-02,G07,أنواع الحسابات والتحقق,P1 — عالٍ,W1 — المنتج الأساسي,backlog,جزئي — واجهات/نماذج موجودة والخدمة المتصلة غير مكتملة,فرد وشركة ومقدم خدمة وأدوار داخلية.,ملف يعكس صفته ويزيد الثقة.,تطبيق صلاحيات وتسعير مناسب.,قرارات G07 المعتمدة، بيئة Staging، صلاحيات الخدمات، ومخططات/تصاميم ذات صلة.,Full-Stack + Frontend (R)، Product Owner (A)، QA/Privacy (C),تجزأ داخل Sprint؛ التقدير النهائي بعد Grooming ضمن مدة المرحلة.,apps/web أو src/modules/accounts — server/services — supabase/migrations — tests/unit|integration|e2e — docs/adr
G07-03,G07,إدارة الخصوصية والحذف والتصدير,P1 — عالٍ,W1 — المنتج الأساسي,backlog,جزئي — واجهات/نماذج موجودة والخدمة المتصلة غير مكتملة,إعدادات عامة/خاصة وتنزيل البيانات وحذف الحساب.,سيطرة واضحة على بياناته.,امتثال وثقة وتقليل المخاطر.,قرارات G07 المعتمدة، بيئة Staging، صلاحيات الخدمات، ومخططات/تصاميم ذات صلة.,Full-Stack + Frontend (R)، Product Owner (A)، QA/Privacy (C),تجزأ داخل Sprint؛ التقدير النهائي بعد Grooming ضمن مدة المرحلة.,apps/web أو src/modules/accounts — server/services — supabase/migrations — tests/unit|integration|e2e — docs/adr
G08-01,G08,تعريف القطاعات والفئات,P1 — عالٍ,W1 — المنتج الأساسي,backlog,مخطط,هيكل قابل للإدارة لثلاثة قطاعات وتوسع لاحق.,وصول أسرع للفئة الصحيحة.,إضافة فئات دون إصدار برمجي.,قرارات G08 المعتمدة، بيئة Staging، صلاحيات الخدمات، ومخططات/تصاميم ذات صلة.,Backend + Product (R)، Technical Lead (A)، Admin/QA (C),تجزأ داخل Sprint؛ التقدير النهائي بعد Grooming ضمن مدة المرحلة.,apps/web أو src/modules/taxonomy — server/services — supabase/migrations — tests/unit|integration|e2e — docs/adr
G08-02,G08,الحقول الديناميكية,P1 — عالٍ,W1 — المنتج الأساسي,backlog,مخطط,تعريف حقول كل فئة وأنواعها وقواعدها.,نموذج نشر مناسب لكل منتج أو خدمة.,محرك واحد بدل كود متكرر.,قرارات G08 المعتمدة، بيئة Staging، صلاحيات الخدمات، ومخططات/تصاميم ذات صلة.,Backend + Product (R)، Technical Lead (A)، Admin/QA (C),تجزأ داخل Sprint؛ التقدير النهائي بعد Grooming ضمن مدة المرحلة.,apps/web أو src/modules/taxonomy — server/services — supabase/migrations — tests/unit|integration|e2e — docs/adr
G08-03,G08,صلاحيات النشر القطاعية,P1 — عالٍ,W1 — المنتج الأساسي,backlog,مخطط,تحديد من ينشر وفي أي قطاع ودولة.,منع عروض غير مصرح بها.,مرونة تجارية ورقابية.,قرارات G08 المعتمدة، بيئة Staging، صلاحيات الخدمات، ومخططات/تصاميم ذات صلة.,Backend + Product (R)، Technical Lead (A)، Admin/QA (C),تجزأ داخل Sprint؛ التقدير النهائي بعد Grooming ضمن مدة المرحلة.,apps/web أو src/modules/taxonomy — server/services — supabase/migrations — tests/unit|integration|e2e — docs/adr
G09-01,G09,دورة حياة الإعلان,P1 — عالٍ,W1 — المنتج الأساسي,backlog,جزئي — تجربة واجهة ولا يوجد محرك إنتاجي كامل,مسودة، مراجعة، منشور، مرفوض، موقوف، منتهي، مباع، مؤرشف.,يفهم حالة إعلانه ويتحكم بها.,تشغيل واضح وقابل للتدقيق.,قرارات G09 المعتمدة، بيئة Staging، صلاحيات الخدمات، ومخططات/تصاميم ذات صلة.,Full-Stack (R)، Technical Lead (A)، Product/QA/Security (C),تجزأ داخل Sprint؛ التقدير النهائي بعد Grooming ضمن مدة المرحلة.,apps/web أو src/modules/listings — server/services — supabase/migrations — tests/unit|integration|e2e — docs/adr
G09-02,G09,إنشاء وتعديل الإعلان,P1 — عالٍ,W1 — المنتج الأساسي,backlog,جزئي — تجربة واجهة ولا يوجد محرك إنتاجي كامل,نموذج عالمي بالعملة والموقع والحقول الديناميكية.,نشر سهل ودقيق.,بيانات أفضل للبحث والتحويل.,قرارات G09 المعتمدة، بيئة Staging، صلاحيات الخدمات، ومخططات/تصاميم ذات صلة.,Full-Stack (R)، Technical Lead (A)، Product/QA/Security (C),تجزأ داخل Sprint؛ التقدير النهائي بعد Grooming ضمن مدة المرحلة.,apps/web أو src/modules/listings — server/services — supabase/migrations — tests/unit|integration|e2e — docs/adr
G09-03,G09,المراجعة والرفض وإعادة التقديم,P1 — عالٍ,W1 — المنتج الأساسي,backlog,جزئي — تجربة واجهة ولا يوجد محرك إنتاجي كامل,إرسال الإعلان للمراجعة مع أسباب واضحة.,يحصل المستخدم على سبب وتصحيح عادل.,خفض المحتوى المخالف والنزاعات.,قرارات G09 المعتمدة، بيئة Staging، صلاحيات الخدمات، ومخططات/تصاميم ذات صلة.,Full-Stack (R)، Technical Lead (A)، Product/QA/Security (C),تجزأ داخل Sprint؛ التقدير النهائي بعد Grooming ضمن مدة المرحلة.,apps/web أو src/modules/listings — server/services — supabase/migrations — tests/unit|integration|e2e — docs/adr
G09-04,G09,الانتهاء والتجديد والأرشفة,P1 — عالٍ,W1 — المنتج الأساسي,backlog,جزئي — تجربة واجهة ولا يوجد محرك إنتاجي كامل,إدارة مدة الإعلان والإغلاق التلقائي.,محتوى حديث وغير مضلل.,تحسين جودة السوق وتحصيل الإيرادات.,قرارات G09 المعتمدة، بيئة Staging، صلاحيات الخدمات، ومخططات/تصاميم ذات صلة.,Full-Stack (R)، Technical Lead (A)، Product/QA/Security (C),تجزأ داخل Sprint؛ التقدير النهائي بعد Grooming ضمن مدة المرحلة.,apps/web أو src/modules/listings — server/services — supabase/migrations — tests/unit|integration|e2e — docs/adr
G10-01,G10,رفع الصور الآمن,P1 — عالٍ,W1 — المنتج الأساسي,backlog,جزئي — تجربة رفع/عرض ولا توجد Pipeline إنتاجية كاملة,رفع مباشر محدود ومتحقق منه.,رفع سريع من الهاتف.,منع ملفات ضارة وتكلفة غير مضبوطة.,قرارات G10 المعتمدة، بيئة Staging، صلاحيات الخدمات، ومخططات/تصاميم ذات صلة.,Backend/Media + Frontend (R)، Technical Lead (A)، Security/QA (C),تجزأ داخل Sprint؛ التقدير النهائي بعد Grooming ضمن مدة المرحلة.,apps/web أو src/modules/media — server/services — supabase/migrations — tests/unit|integration|e2e — docs/adr
G10-02,G10,المعالجة والتحسين,P1 — عالٍ,W1 — المنتج الأساسي,backlog,جزئي — تجربة رفع/عرض ولا توجد Pipeline إنتاجية كاملة,ضغط وتحويل وإنشاء صور مصغرة.,تحميل أسرع وجودة ثابتة.,خفض التخزين والنقل.,قرارات G10 المعتمدة، بيئة Staging، صلاحيات الخدمات، ومخططات/تصاميم ذات صلة.,Backend/Media + Frontend (R)، Technical Lead (A)، Security/QA (C),تجزأ داخل Sprint؛ التقدير النهائي بعد Grooming ضمن مدة المرحلة.,apps/web أو src/modules/media — server/services — supabase/migrations — tests/unit|integration|e2e — docs/adr
G10-03,G10,إدارة الغلاف والترتيب والحذف,P1 — عالٍ,W1 — المنتج الأساسي,backlog,جزئي — تجربة رفع/عرض ولا توجد Pipeline إنتاجية كاملة,ترتيب الصور واختيار الغلاف وتنظيف الملفات.,عرض احترافي وتحكم واضح.,عدم تراكم ملفات يتيمة.,قرارات G10 المعتمدة، بيئة Staging، صلاحيات الخدمات، ومخططات/تصاميم ذات صلة.,Backend/Media + Frontend (R)، Technical Lead (A)، Security/QA (C),تجزأ داخل Sprint؛ التقدير النهائي بعد Grooming ضمن مدة المرحلة.,apps/web أو src/modules/media — server/services — supabase/migrations — tests/unit|integration|e2e — docs/adr
G11-01,G11,Feed عالمي ومحلي,P1 — عالٍ,W1 — المنتج الأساسي,backlog,جزئي — Feed/بحث تجريبي,عرض محتوى مناسب للدولة والاهتمامات.,اكتشاف أسرع لما يهمه.,زيادة المشاهدة والتفاعل.,قرارات G11 المعتمدة، بيئة Staging، صلاحيات الخدمات، ومخططات/تصاميم ذات صلة.,Backend/Search + Frontend (R)، Product Owner (A)، QA/SEO (C),تجزأ داخل Sprint؛ التقدير النهائي بعد Grooming ضمن مدة المرحلة.,apps/web أو src/modules/discovery — server/services — supabase/migrations — tests/unit|integration|e2e — docs/adr
G11-02,G11,البحث والفلاتر والترتيب,P1 — عالٍ,W1 — المنتج الأساسي,backlog,جزئي — Feed/بحث تجريبي,بحث نصي وهيكلي حسب الفئة والسعر والموقع.,يصل للعرض المطلوب بسرعة.,تحسين التحويل وجودة البيانات.,قرارات G11 المعتمدة، بيئة Staging، صلاحيات الخدمات، ومخططات/تصاميم ذات صلة.,Backend/Search + Frontend (R)، Product Owner (A)، QA/SEO (C),تجزأ داخل Sprint؛ التقدير النهائي بعد Grooming ضمن مدة المرحلة.,apps/web أو src/modules/discovery — server/services — supabase/migrations — tests/unit|integration|e2e — docs/adr
G11-03,G11,صفحة التفاصيل والحفظ والمشاركة,P1 — عالٍ,W1 — المنتج الأساسي,backlog,جزئي — Feed/بحث تجريبي,صفحة إعلان كاملة وروابط محفوظة ومشاركة.,قرار أفضل والعودة لاحقًا.,زيادة الزيارات العضوية والاحتفاظ.,قرارات G11 المعتمدة، بيئة Staging، صلاحيات الخدمات، ومخططات/تصاميم ذات صلة.,Backend/Search + Frontend (R)، Product Owner (A)، QA/SEO (C),تجزأ داخل Sprint؛ التقدير النهائي بعد Grooming ضمن مدة المرحلة.,apps/web أو src/modules/discovery — server/services — supabase/migrations — tests/unit|integration|e2e — docs/adr
G12-01,G12,إنشاء المحادثة الفردية,P1 — عالٍ,W1 — المنتج الأساسي,backlog,جزئي — محادثة تجريبية لا خدمة إنتاجية مكتملة,بدء محادثة مرتبطة بإعلان بين طرفين.,تواصل مباشر وآمن.,زيادة إتمام الصفقات دون مجموعات معقدة.,قرارات G12 المعتمدة، بيئة Staging، صلاحيات الخدمات، ومخططات/تصاميم ذات صلة.,Backend Realtime + Frontend (R)، Technical Lead (A)، Trust/QA (C),تجزأ داخل Sprint؛ التقدير النهائي بعد Grooming ضمن مدة المرحلة.,apps/web أو src/modules/messaging — server/services — supabase/migrations — tests/unit|integration|e2e — docs/adr
G12-02,G12,الرسائل الفورية وحالة القراءة,P1 — عالٍ,W1 — المنتج الأساسي,backlog,جزئي — محادثة تجريبية لا خدمة إنتاجية مكتملة,إرسال واستلام وقراءة Realtime.,تجربة سريعة وواضحة.,رفع التفاعل والعودة.,قرارات G12 المعتمدة، بيئة Staging، صلاحيات الخدمات، ومخططات/تصاميم ذات صلة.,Backend Realtime + Frontend (R)، Technical Lead (A)، Trust/QA (C),تجزأ داخل Sprint؛ التقدير النهائي بعد Grooming ضمن مدة المرحلة.,apps/web أو src/modules/messaging — server/services — supabase/migrations — tests/unit|integration|e2e — docs/adr
G12-03,G12,الحظر والإبلاغ ومكافحة Spam,P1 — عالٍ,W1 — المنتج الأساسي,backlog,جزئي — محادثة تجريبية لا خدمة إنتاجية مكتملة,منع الإساءة والرسائل المتكررة.,أمان وسيطرة على التواصل.,خفض إساءة الاستخدام وتكاليف الدعم.,قرارات G12 المعتمدة، بيئة Staging، صلاحيات الخدمات، ومخططات/تصاميم ذات صلة.,Backend Realtime + Frontend (R)، Technical Lead (A)، Trust/QA (C),تجزأ داخل Sprint؛ التقدير النهائي بعد Grooming ضمن مدة المرحلة.,apps/web أو src/modules/messaging — server/services — supabase/migrations — tests/unit|integration|e2e — docs/adr
G13-01,G13,مركز الإشعارات,P1 — عالٍ,W1 — المنتج الأساسي,backlog,جزئي — نماذج وتجربة,قائمة موحدة للأحداث المهمة.,لا يفوّت رسالة أو قرارًا.,زيادة العودة والاحتفاظ.,قرارات G13 المعتمدة، بيئة Staging، صلاحيات الخدمات، ومخططات/تصاميم ذات صلة.,Backend + Frontend (R)، Product Owner (A)، Privacy/QA (C),تجزأ داخل Sprint؛ التقدير النهائي بعد Grooming ضمن مدة المرحلة.,apps/web أو src/modules/notifications — server/services — supabase/migrations — tests/unit|integration|e2e — docs/adr
G13-02,G13,البريد وPush والتفضيلات,P1 — عالٍ,W1 — المنتج الأساسي,backlog,جزئي — نماذج وتجربة,قنوات متعددة قابلة للتحكم.,يختار القنوات المناسبة له.,تواصل فعال دون إزعاج.,قرارات G13 المعتمدة، بيئة Staging، صلاحيات الخدمات، ومخططات/تصاميم ذات صلة.,Backend + Frontend (R)، Product Owner (A)، Privacy/QA (C),تجزأ داخل Sprint؛ التقدير النهائي بعد Grooming ضمن مدة المرحلة.,apps/web أو src/modules/notifications — server/services — supabase/migrations — tests/unit|integration|e2e — docs/adr
G13-03,G13,الدعوات والمشاركة الخاصة,P1 — عالٍ,W1 — المنتج الأساسي,backlog,جزئي — نماذج وتجربة,دعوات محدودة قابلة للإلغاء والانتهاء.,مشاركة موثوقة مع أشخاص محددين.,نمو منضبط وميزة حصرية.,قرارات G13 المعتمدة، بيئة Staging، صلاحيات الخدمات، ومخططات/تصاميم ذات صلة.,Backend + Frontend (R)، Product Owner (A)، Privacy/QA (C),تجزأ داخل Sprint؛ التقدير النهائي بعد Grooming ضمن مدة المرحلة.,apps/web أو src/modules/notifications — server/services — supabase/migrations — tests/unit|integration|e2e — docs/adr
G14-01,G14,نظام البلاغات الموحد,P1 — عالٍ,W2 — التشغيل والإيراد والتجربة العالمية,backlog,جزئي — تصميم وإجراءات تحتاج Backend تشغيلي,بلاغ عن إعلان أو مستخدم أو رسالة.,طريقة سهلة للحماية وطلب المراجعة.,مصدر مركزي لإدارة المخاطر.,قرارات G14 المعتمدة، بيئة Staging، صلاحيات الخدمات، ومخططات/تصاميم ذات صلة.,Trust & Safety Lead + Backend (R)، Product Owner (A)، Legal/QA (C),تجزأ داخل Sprint؛ التقدير النهائي بعد Grooming ضمن مدة المرحلة.,apps/web أو src/modules/trust-safety — server/services — supabase/migrations — tests/unit|integration|e2e — docs/adr
G14-02,G14,سير المراجعة والعقوبات,P1 — عالٍ,W2 — التشغيل والإيراد والتجربة العالمية,backlog,جزئي — تصميم وإجراءات تحتاج Backend تشغيلي,تحذير وتعليق وحظر وإزالة بمبررات.,قرارات أكثر عدلًا وشفافية.,حماية السمعة وتقليل المخالفات.,قرارات G14 المعتمدة، بيئة Staging، صلاحيات الخدمات، ومخططات/تصاميم ذات صلة.,Trust & Safety Lead + Backend (R)، Product Owner (A)، Legal/QA (C),تجزأ داخل Sprint؛ التقدير النهائي بعد Grooming ضمن مدة المرحلة.,apps/web أو src/modules/trust-safety — server/services — supabase/migrations — tests/unit|integration|e2e — docs/adr
G14-03,G14,الاستئناف ومكافحة الاحتيال,P1 — عالٍ,W2 — التشغيل والإيراد والتجربة العالمية,backlog,جزئي — تصميم وإجراءات تحتاج Backend تشغيلي,اعتراض المستخدم وإشارات احتيال أولية.,فرصة عادلة لتصحيح القرار.,خفض الأخطاء وتحسين جودة المراجعة.,قرارات G14 المعتمدة، بيئة Staging، صلاحيات الخدمات، ومخططات/تصاميم ذات صلة.,Trust & Safety Lead + Backend (R)، Product Owner (A)، Legal/QA (C),تجزأ داخل Sprint؛ التقدير النهائي بعد Grooming ضمن مدة المرحلة.,apps/web أو src/modules/trust-safety — server/services — supabase/migrations — tests/unit|integration|e2e — docs/adr
G15-01,G15,نظام تذاكر Tiger Care,P1 — عالٍ,W2 — التشغيل والإيراد والتجربة العالمية,backlog,جزئي — تصميم وإجراءات تحتاج نظام تذاكر فعلي,إنشاء ومتابعة تذكرة دعم.,يحصل على مساعدة منظمة.,تتبع الطلبات بدل الرسائل المبعثرة.,قرارات G15 المعتمدة، بيئة Staging، صلاحيات الخدمات، ومخططات/تصاميم ذات صلة.,Support Lead + Full-Stack (R)، Operations (A)، Localization/QA (C),تجزأ داخل Sprint؛ التقدير النهائي بعد Grooming ضمن مدة المرحلة.,apps/web أو src/modules/support — server/services — supabase/migrations — tests/unit|integration|e2e — docs/adr
G15-02,G15,SLA والتصعيد والتوجيه,P1 — عالٍ,W2 — التشغيل والإيراد والتجربة العالمية,backlog,جزئي — تصميم وإجراءات تحتاج نظام تذاكر فعلي,تحديد وقت الاستجابة وتحويل التذكرة.,استجابة أسرع وأكثر عدلًا.,قياس أداء الدعم ومنع النسيان.,قرارات G15 المعتمدة، بيئة Staging، صلاحيات الخدمات، ومخططات/تصاميم ذات صلة.,Support Lead + Full-Stack (R)، Operations (A)، Localization/QA (C),تجزأ داخل Sprint؛ التقدير النهائي بعد Grooming ضمن مدة المرحلة.,apps/web أو src/modules/support — server/services — supabase/migrations — tests/unit|integration|e2e — docs/adr
G15-03,G15,الدعم متعدد اللغات وقياس الرضا,P1 — عالٍ,W2 — التشغيل والإيراد والتجربة العالمية,backlog,جزئي — تصميم وإجراءات تحتاج نظام تذاكر فعلي,قوالب وترجمة وتقييم بعد الإغلاق.,دعم بلغته وتحسين مستمر.,معرفة جودة الخدمة والفجوات.,قرارات G15 المعتمدة، بيئة Staging، صلاحيات الخدمات، ومخططات/تصاميم ذات صلة.,Support Lead + Full-Stack (R)، Operations (A)، Localization/QA (C),تجزأ داخل Sprint؛ التقدير النهائي بعد Grooming ضمن مدة المرحلة.,apps/web أو src/modules/support — server/services — supabase/migrations — tests/unit|integration|e2e — docs/adr
G16-01,G16,مصفوفة الأدوار والصلاحيات,P1 — عالٍ,W2 — التشغيل والإيراد والتجربة العالمية,backlog,جزئي — لوحات تجريبية وصلاحيات إنتاجية غير مكتملة,Owner وGlobal/Country/Region/Sector Admin وModerator وSupport.,حماية بياناته من وصول غير ضروري.,مبدأ أقل صلاحية وتوسع إداري.,قرارات G16 المعتمدة، بيئة Staging، صلاحيات الخدمات، ومخططات/تصاميم ذات صلة.,Backend/Admin + Security (R)، Owner (A)، QA/Operations (C),تجزأ داخل Sprint؛ التقدير النهائي بعد Grooming ضمن مدة المرحلة.,apps/web أو src/modules/admin — server/services — supabase/migrations — tests/unit|integration|e2e — docs/adr
G16-02,G16,لوحة الإدارة العالمية,P1 — عالٍ,W2 — التشغيل والإيراد والتجربة العالمية,backlog,جزئي — لوحات تجريبية وصلاحيات إنتاجية غير مكتملة,إدارة المستخدمين والدول والقطاعات والمحتوى.,قرارات أسرع وشكاوى أقل.,تشغيل المنصة من دون تعديل الكود.,قرارات G16 المعتمدة، بيئة Staging، صلاحيات الخدمات، ومخططات/تصاميم ذات صلة.,Backend/Admin + Security (R)، Owner (A)، QA/Operations (C),تجزأ داخل Sprint؛ التقدير النهائي بعد Grooming ضمن مدة المرحلة.,apps/web أو src/modules/admin — server/services — supabase/migrations — tests/unit|integration|e2e — docs/adr
G16-03,G16,Audit Logs وتقارير المالك,P1 — عالٍ,W2 — التشغيل والإيراد والتجربة العالمية,backlog,جزئي — لوحات تجريبية وصلاحيات إنتاجية غير مكتملة,سجل غير قابل للتلاعب للإجراءات الحساسة.,ثقة أعلى عند النزاع.,تحقيقات وأمن وامتثال.,قرارات G16 المعتمدة، بيئة Staging، صلاحيات الخدمات، ومخططات/تصاميم ذات صلة.,Backend/Admin + Security (R)، Owner (A)، QA/Operations (C),تجزأ داخل Sprint؛ التقدير النهائي بعد Grooming ضمن مدة المرحلة.,apps/web أو src/modules/admin — server/services — supabase/migrations — tests/unit|integration|e2e — docs/adr
G17-01,G17,الباقات والاستحقاقات,P1 — عالٍ,W2 — التشغيل والإيراد والتجربة العالمية,backlog,لم يبدأ إنتاجيًا,تعريف ما يحصل عليه كل اشتراك.,يعرف حدوده ومزاياه بوضوح.,مصدر دخل ومنطق مركزي للميزات.,قرارات G17 المعتمدة، بيئة Staging، صلاحيات الخدمات، ومخططات/تصاميم ذات صلة.,Backend/Payment (R)، Owner/Finance (A)، Legal/Tax/Security/QA (C),تجزأ داخل Sprint؛ التقدير النهائي بعد Grooming ضمن مدة المرحلة.,apps/web أو src/modules/billing — server/services — supabase/migrations — tests/unit|integration|e2e — docs/adr
G17-02,G17,Hosted Checkout وWebhooks,P1 — عالٍ,W2 — التشغيل والإيراد والتجربة العالمية,backlog,لم يبدأ إنتاجيًا,دفع لدى مزود خارجي مع معالجة موثوقة.,دفع آمن وسهل.,تقليل نطاق بيانات البطاقات.,قرارات G17 المعتمدة، بيئة Staging، صلاحيات الخدمات، ومخططات/تصاميم ذات صلة.,Backend/Payment (R)، Owner/Finance (A)، Legal/Tax/Security/QA (C),تجزأ داخل Sprint؛ التقدير النهائي بعد Grooming ضمن مدة المرحلة.,apps/web أو src/modules/billing — server/services — supabase/migrations — tests/unit|integration|e2e — docs/adr
G17-03,G17,الفواتير والتجديد والإلغاء والاسترداد,P1 — عالٍ,W2 — التشغيل والإيراد والتجربة العالمية,backlog,لم يبدأ إنتاجيًا,إدارة دورة الاشتراك كاملة.,شفافية وتحكم مالي.,خفض النزاعات والتسرب المالي.,قرارات G17 المعتمدة، بيئة Staging، صلاحيات الخدمات، ومخططات/تصاميم ذات صلة.,Backend/Payment (R)، Owner/Finance (A)، Legal/Tax/Security/QA (C),تجزأ داخل Sprint؛ التقدير النهائي بعد Grooming ضمن مدة المرحلة.,apps/web أو src/modules/billing — server/services — supabase/migrations — tests/unit|integration|e2e — docs/adr
G18-01,G18,نظام الترجمة العالمي,P2 — لاحق,W2 — التشغيل والإيراد والتجربة العالمية,backlog,جزئي — تصميم RTL/Responsive دون PWA عالمية مكتملة,فصل النصوص وترجمتها وإدارة fallback.,استخدام بلغته الطبيعية.,فتح أسواق جديدة دون نسخ تطبيق.,قرارات G18 المعتمدة، بيئة Staging، صلاحيات الخدمات، ومخططات/تصاميم ذات صلة.,Frontend/PWA (R)، Product Owner (A)، Accessibility/Localization/QA (C),تجزأ داخل Sprint؛ التقدير النهائي بعد Grooming ضمن مدة المرحلة.,apps/web أو src/modules/experience-pwa — server/services — supabase/migrations — tests/unit|integration|e2e — docs/adr
G18-02,G18,الوصول WCAG وRTL/LTR,P2 — لاحق,W2 — التشغيل والإيراد والتجربة العالمية,backlog,جزئي — تصميم RTL/Responsive دون PWA عالمية مكتملة,تباين ولوحة مفاتيح وقارئ شاشة واتجاهات.,استخدام المنصة لمستخدمين أكثر.,امتثال وتقليل إعادة البناء.,قرارات G18 المعتمدة، بيئة Staging، صلاحيات الخدمات، ومخططات/تصاميم ذات صلة.,Frontend/PWA (R)، Product Owner (A)، Accessibility/Localization/QA (C),تجزأ داخل Sprint؛ التقدير النهائي بعد Grooming ضمن مدة المرحلة.,apps/web أو src/modules/experience-pwa — server/services — supabase/migrations — tests/unit|integration|e2e — docs/adr
G18-03,G18,PWA وتجارب الهاتف,P2 — لاحق,W2 — التشغيل والإيراد والتجربة العالمية,backlog,جزئي — تصميم RTL/Responsive دون PWA عالمية مكتملة,تثبيت، تحديث آمن، Offline Shell، Push وDeep Links.,تجربة قريبة من التطبيق دون تنزيل متجر.,إطلاق أسرع وأقل تكلفة.,قرارات G18 المعتمدة، بيئة Staging، صلاحيات الخدمات، ومخططات/تصاميم ذات صلة.,Frontend/PWA (R)، Product Owner (A)، Accessibility/Localization/QA (C),تجزأ داخل Sprint؛ التقدير النهائي بعد Grooming ضمن مدة المرحلة.,apps/web أو src/modules/experience-pwa — server/services — supabase/migrations — tests/unit|integration|e2e — docs/adr
G19-01,G19,نظام الأحداث والتحليلات,P2 — لاحق,W3 — الذكاء والمرونة والامتثال,backlog,لم يبدأ إنتاجيًا,قياس التسجيل والنشر والبحث والمحادثة والاشتراك.,تحسينات مبنية على سلوكه الحقيقي.,قرارات منتج وتسويق دقيقة.,قرارات G19 المعتمدة، بيئة Staging، صلاحيات الخدمات، ومخططات/تصاميم ذات صلة.,Analytics/Backend (R)، Product Owner (A)، Privacy/Security (C),تجزأ داخل Sprint؛ التقدير النهائي بعد Grooming ضمن مدة المرحلة.,apps/web أو src/modules/analytics-ai — server/services — supabase/migrations — tests/unit|integration|e2e — docs/adr
G19-02,G19,لوحات مؤشرات التشغيل,P2 — لاحق,W3 — الذكاء والمرونة والامتثال,backlog,لم يبدأ إنتاجيًا,Funnels، retention، moderation، support، revenue.,خدمة أسرع وجودة أفضل.,كشف الاختناقات والمشكلات.,قرارات G19 المعتمدة، بيئة Staging، صلاحيات الخدمات، ومخططات/تصاميم ذات صلة.,Analytics/Backend (R)، Product Owner (A)، Privacy/Security (C),تجزأ داخل Sprint؛ التقدير النهائي بعد Grooming ضمن مدة المرحلة.,apps/web أو src/modules/analytics-ai — server/services — supabase/migrations — tests/unit|integration|e2e — docs/adr
G19-03,G19,AI محدود وآمن,P2 — لاحق,W3 — الذكاء والمرونة والامتثال,backlog,لم يبدأ إنتاجيًا,اقتراح فئة وتحسين وصف وإشارات مخالفة.,يوفر الوقت ويحسن الإعلان.,جودة محتوى أعلى دون مخاطرة قرارات آلية نهائية.,قرارات G19 المعتمدة، بيئة Staging، صلاحيات الخدمات، ومخططات/تصاميم ذات صلة.,Analytics/Backend (R)، Product Owner (A)، Privacy/Security (C),تجزأ داخل Sprint؛ التقدير النهائي بعد Grooming ضمن مدة المرحلة.,apps/web أو src/modules/analytics-ai — server/services — supabase/migrations — tests/unit|integration|e2e — docs/adr
G20-01,G20,اختبارات الأداء والضغط,P1 — عالٍ,W3 — الذكاء والمرونة والامتثال,backlog,جزئي — وثائق وحراس محليون دون تشغيل عالمي كامل,قياس السعة والاستجابة تحت حمل حقيقي.,سرعة وثبات في أوقات الذروة.,تحديد السعة قبل الأعطال.,قرارات G20 المعتمدة، بيئة Staging، صلاحيات الخدمات، ومخططات/تصاميم ذات صلة.,SRE/Backend (R)، Technical Lead (A)، QA/Security (C),تجزأ داخل Sprint؛ التقدير النهائي بعد Grooming ضمن مدة المرحلة.,apps/web أو src/modules/reliability — server/services — supabase/migrations — tests/unit|integration|e2e — docs/adr
G20-02,G20,التحسين والتوسع,P1 — عالٍ,W3 — الذكاء والمرونة والامتثال,backlog,جزئي — وثائق وحراس محليون دون تشغيل عالمي كامل,فهارس وCache وطوابير وAutoscaling.,استجابة أسرع عالميًا.,خفض التكلفة لكل مستخدم.,قرارات G20 المعتمدة، بيئة Staging، صلاحيات الخدمات، ومخططات/تصاميم ذات صلة.,SRE/Backend (R)، Technical Lead (A)، QA/Security (C),تجزأ داخل Sprint؛ التقدير النهائي بعد Grooming ضمن مدة المرحلة.,apps/web أو src/modules/reliability — server/services — supabase/migrations — tests/unit|integration|e2e — docs/adr
G20-03,G20,التعافي من الكوارث,P1 — عالٍ,W3 — الذكاء والمرونة والامتثال,backlog,جزئي — وثائق وحراس محليون دون تشغيل عالمي كامل,RPO/RTO واستعادة واختبار انقطاع.,حماية بياناته واستمرارية الخدمة.,تقليل أثر الحوادث الكبرى.,قرارات G20 المعتمدة، بيئة Staging، صلاحيات الخدمات، ومخططات/تصاميم ذات صلة.,SRE/Backend (R)، Technical Lead (A)، QA/Security (C),تجزأ داخل Sprint؛ التقدير النهائي بعد Grooming ضمن مدة المرحلة.,apps/web أو src/modules/reliability — server/services — supabase/migrations — tests/unit|integration|e2e — docs/adr
G21-01,G21,الشروط والخصوصية وسياسات المحتوى,P1 — عالٍ,W3 — الذكاء والمرونة والامتثال,backlog,جزئي — وثائق أولية ومراجعة قانونية عالمية غير مكتملة,وثائق واضحة متعددة اللغات حسب الدولة.,يعرف حقوقه والتزاماته.,تقليل المخاطر القانونية والنزاعات.,قرارات G21 المعتمدة، بيئة Staging، صلاحيات الخدمات، ومخططات/تصاميم ذات صلة.,Legal/Privacy + Product (R)، Owner (A)، Backend/Security (C),تجزأ داخل Sprint؛ التقدير النهائي بعد Grooming ضمن مدة المرحلة.,apps/web أو src/modules/compliance — server/services — supabase/migrations — tests/unit|integration|e2e — docs/adr
G21-02,G21,الاحتفاظ والحذف وطلبات البيانات,P1 — عالٍ,W3 — الذكاء والمرونة والامتثال,backlog,جزئي — وثائق أولية ومراجعة قانونية عالمية غير مكتملة,سياسة عملية وليست نصًا فقط.,تنزيل وحذف بياناته عند الاستحقاق.,امتثال وتقليل البيانات الزائدة.,قرارات G21 المعتمدة، بيئة Staging، صلاحيات الخدمات، ومخططات/تصاميم ذات صلة.,Legal/Privacy + Product (R)، Owner (A)، Backend/Security (C),تجزأ داخل Sprint؛ التقدير النهائي بعد Grooming ضمن مدة المرحلة.,apps/web أو src/modules/compliance — server/services — supabase/migrations — tests/unit|integration|e2e — docs/adr
G21-03,G21,القاصرين والموردين والامتثال المحلي,P1 — عالٍ,W3 — الذكاء والمرونة والامتثال,backlog,جزئي — وثائق أولية ومراجعة قانونية عالمية غير مكتملة,تحديد العمر وإدارة عقود الموردين وقواعد الدول.,حماية أوضح للفئات الحساسة.,خفض التعرض التنظيمي.,قرارات G21 المعتمدة، بيئة Staging، صلاحيات الخدمات، ومخططات/تصاميم ذات صلة.,Legal/Privacy + Product (R)، Owner (A)، Backend/Security (C),تجزأ داخل Sprint؛ التقدير النهائي بعد Grooming ضمن مدة المرحلة.,apps/web أو src/modules/compliance — server/services — supabase/migrations — tests/unit|integration|e2e — docs/adr
G22-01,G22,الاختبارات النهائية الخارجية,P1 — عالٍ,W4 — الاختبار والإطلاق العالمي,backlog,لم يبدأ إطلاقًا حقيقيًا,Penetration وE2E وMobile وPayment وRLS وRestore.,إطلاق أكثر أمانًا واستقرارًا.,منع عيوب حرجة قبل السمعة والإيراد.,قرارات G22 المعتمدة، بيئة Staging، صلاحيات الخدمات، ومخططات/تصاميم ذات صلة.,QA/Release/SRE (R)، Owner + Technical Lead (A)، كل الفرق (C),تجزأ داخل Sprint؛ التقدير النهائي بعد Grooming ضمن مدة المرحلة.,apps/web أو src/modules/launch — server/services — supabase/migrations — tests/unit|integration|e2e — docs/adr
G22-02,G22,Global Closed Beta,P1 — عالٍ,W4 — الاختبار والإطلاق العالمي,backlog,لم يبدأ إطلاقًا حقيقيًا,100-300 مستخدم من لغات ومناطق متعددة.,تجربة مبكرة ودعم مباشر.,تعلم واقعي دون مخاطرة فتح واسع.,قرارات G22 المعتمدة، بيئة Staging، صلاحيات الخدمات، ومخططات/تصاميم ذات صلة.,QA/Release/SRE (R)، Owner + Technical Lead (A)، كل الفرق (C),تجزأ داخل Sprint؛ التقدير النهائي بعد Grooming ضمن مدة المرحلة.,apps/web أو src/modules/launch — server/services — supabase/migrations — tests/unit|integration|e2e — docs/adr
G22-03,G22,Public Beta ثم Global GA,P1 — عالٍ,W4 — الاختبار والإطلاق العالمي,backlog,لم يبدأ إطلاقًا حقيقيًا,فتح تدريجي للدول والاشتراكات مع مراقبة وتراجع.,خدمة عالمية حقيقية مستقرة.,بدء الإيرادات والنمو المنضبط.,قرارات G22 المعتمدة، بيئة Staging، صلاحيات الخدمات، ومخططات/تصاميم ذات صلة.,QA/Release/SRE (R)، Owner + Technical Lead (A)، كل الفرق (C),تجزأ داخل Sprint؛ التقدير النهائي بعد Grooming ضمن مدة المرحلة.,apps/web أو src/modules/launch — server/services — supabase/migrations — tests/unit|integration|e2e — docs/adr
