file	line	indicator	note
clerk-private-profile.html	108	REVIEW_REQUIRED	Manual inspect only; source line content intentionally not copied
clerk-private-profile.html	117	REVIEW_REQUIRED	Manual inspect only; source line content intentionally not copied
clerk-private-profile.html	118	REVIEW_REQUIRED	Manual inspect only; source line content intentionally not copied
clerk-private-profile.html	122	REVIEW_REQUIRED	Manual inspect only; source line content intentionally not copied
clerk-private-profile.html	629	REVIEW_REQUIRED	Manual inspect only; source line content intentionally not copied
clerk-private-profile.html	675	REVIEW_REQUIRED	Manual inspect only; source line content intentionally not copied
clerk-private-profile.html	677	REVIEW_REQUIRED	Manual inspect only; source line content intentionally not copied
clerk-private-profile.html	682	REVIEW_REQUIRED	Manual inspect only; source line content intentionally not copied
clerk-private-profile.html	685	REVIEW_REQUIRED	Manual inspect only; source line content intentionally not copied
clerk-private-profile.html	695	REVIEW_REQUIRED	Manual inspect only; source line content intentionally not copied
clerk-private-profile.html	699	REVIEW_REQUIRED	Manual inspect only; source line content intentionally not copied
clerk-private-profile.html	701	REVIEW_REQUIRED	Manual inspect only; source line content intentionally not copied
clerk-private-profile.html	706	REVIEW_REQUIRED	Manual inspect only; source line content intentionally not copied
clerk-private-profile.html	708	REVIEW_REQUIRED	Manual inspect only; source line content intentionally not copied
clerk-private-profile.html	709	REVIEW_REQUIRED	Manual inspect only; source line content intentionally not copied
clerk-private-profile.html	714	REVIEW_REQUIRED	Manual inspect only; source line content intentionally not copied
clerk-private-profile.html	715	REVIEW_REQUIRED	Manual inspect only; source line content intentionally not copied
clerk-private-profile.html	716	REVIEW_REQUIRED	Manual inspect only; source line content intentionally not copied
clerk-private-profile.html	717	REVIEW_REQUIRED	Manual inspect only; source line content intentionally not copied
clerk-private-profile.html	718	REVIEW_REQUIRED	Manual inspect only; source line content intentionally not copied
clerk-private-profile.html	723	REVIEW_REQUIRED	Manual inspect only; source line content intentionally not copied
clerk-private-profile.html	726	REVIEW_REQUIRED	Manual inspect only; source line content intentionally not copied
clerk-private-profile.html	728	REVIEW_REQUIRED	Manual inspect only; source line content intentionally not copied
clerk-private-profile.html	733	REVIEW_REQUIRED	Manual inspect only; source line content intentionally not copied
clerk-private-profile.html	738	REVIEW_REQUIRED	Manual inspect only; source line content intentionally not copied
clerk-private-profile.html	746	REVIEW_REQUIRED	Manual inspect only; source line content intentionally not copied
clerk-private-profile.html	748	REVIEW_REQUIRED	Manual inspect only; source line content intentionally not copied
clerk-private-profile.html	751	REVIEW_REQUIRED	Manual inspect only; source line content intentionally not copied
clerk-private-profile.html	752	REVIEW_REQUIRED	Manual inspect only; source line content intentionally not copied
clerk-private-profile.html	753	REVIEW_REQUIRED	Manual inspect only; source line content intentionally not copied
clerk-private-profile.html	754	REVIEW_REQUIRED	Manual inspect only; source line content intentionally not copied
clerk-private-profile.html	759	REVIEW_REQUIRED	Manual inspect only; source line content intentionally not copied
clerk-private-profile.html	761	REVIEW_REQUIRED	Manual inspect only; source line content intentionally not copied
clerk-private-profile.html	764	REVIEW_REQUIRED	Manual inspect only; source line content intentionally not copied
clerk-private-profile.html	765	REVIEW_REQUIRED	Manual inspect only; source line content intentionally not copied
clerk-private-profile.html	766	REVIEW_REQUIRED	Manual inspect only; source line content intentionally not copied
clerk-private-profile.html	767	REVIEW_REQUIRED	Manual inspect only; source line content intentionally not copied
clerk-private-profile.html	775	REVIEW_REQUIRED	Manual inspect only; source line content intentionally not copied
clerk-private-profile.html	776	REVIEW_REQUIRED	Manual inspect only; source line content intentionally not copied
clerk-private-profile.html	777	REVIEW_REQUIRED	Manual inspect only; source line content intentionally not copied
clerk-private-profile.html	778	REVIEW_REQUIRED	Manual inspect only; source line content intentionally not copied
clerk-private-profile.html	806	REVIEW_REQUIRED	Manual inspect only; source line content intentionally not copied
clerk-private-profile.html	807	REVIEW_REQUIRED	Manual inspect only; source line content intentionally not copied
clerk-private-profile.html	811	REVIEW_REQUIRED	Manual inspect only; source line content intentionally not copied
clerk-private-profile.html	813	REVIEW_REQUIRED	Manual inspect only; source line content intentionally not copied
clerk-private-profile.html	814	REVIEW_REQUIRED	Manual inspect only; source line content intentionally not copied
clerk-private-profile.html	818	REVIEW_REQUIRED	Manual inspect only; source line content intentionally not copied
clerk-private-profile.html	822	REVIEW_REQUIRED	Manual inspect only; source line content intentionally not copied
clerk-private-profile.html	824	REVIEW_REQUIRED	Manual inspect only; source line content intentionally not copied
clerk-private-profile.html	831	REVIEW_REQUIRED	Manual inspect only; source line content intentionally not copied
clerk-private-profile.html	832	REVIEW_REQUIRED	Manual inspect only; source line content intentionally not copied
clerk-private-profile.html	835	REVIEW_REQUIRED	Manual inspect only; source line content intentionally not copied
clerk-private-profile.html	836	REVIEW_REQUIRED	Manual inspect only; source line content intentionally not copied
clerk-private-profile.html	841	REVIEW_REQUIRED	Manual inspect only; source line content intentionally not copied
clerk-private-profile.html	855	REVIEW_REQUIRED	Manual inspect only; source line content intentionally not copied
clerk-private-profile.html	863	REVIEW_REQUIRED	Manual inspect only; source line content intentionally not copied
clerk-private-profile.html	868	REVIEW_REQUIRED	Manual inspect only; source line content intentionally not copied
clerk-private-profile.html	869	REVIEW_REQUIRED	Manual inspect only; source line content intentionally not copied
clerk-private-profile.html	875	REVIEW_REQUIRED	Manual inspect only; source line content intentionally not copied
clerk-private-profile.html	881	REVIEW_REQUIRED	Manual inspect only; source line content intentionally not copied
clerk-private-profile.html	887	REVIEW_REQUIRED	Manual inspect only; source line content intentionally not copied
clerk-private-profile.html	893	REVIEW_REQUIRED	Manual inspect only; source line content intentionally not copied
clerk-private-profile.html	919	REVIEW_REQUIRED	Manual inspect only; source line content intentionally not copied
clerk-private-profile.html	961	REVIEW_REQUIRED	Manual inspect only; source line content intentionally not copied
clerk-private-profile.html	963	REVIEW_REQUIRED	Manual inspect only; source line content intentionally not copied
clerk-private-profile.html	985	REVIEW_REQUIRED	Manual inspect only; source line content intentionally not copied
clerk-private-profile.html	986	REVIEW_REQUIRED	Manual inspect only; source line content intentionally not copied
clerk-private-profile.html	988	REVIEW_REQUIRED	Manual inspect only; source line content intentionally not copied
clerk-private-profile.html	994	REVIEW_REQUIRED	Manual inspect only; source line content intentionally not copied
clerk-private-profile.html	995	REVIEW_REQUIRED	Manual inspect only; source line content intentionally not copied
clerk-private-profile.html	999	REVIEW_REQUIRED	Manual inspect only; source line content intentionally not copied
clerk-private-profile.html	1000	REVIEW_REQUIRED	Manual inspect only; source line content intentionally not copied
clerk-private-profile.html	1001	REVIEW_REQUIRED	Manual inspect only; source line content intentionally not copied
clerk-private-profile.html	1011	REVIEW_REQUIRED	Manual inspect only; source line content intentionally not copied
clerk-private-profile.html	1015	REVIEW_REQUIRED	Manual inspect only; source line content intentionally not copied
clerk-private-profile.html	1034	REVIEW_REQUIRED	Manual inspect only; source line content intentionally not copied
clerk-private-profile.html	1036	REVIEW_REQUIRED	Manual inspect only; source line content intentionally not copied
clerk-private-profile.html	1043	REVIEW_REQUIRED	Manual inspect only; source line content intentionally not copied
clerk-private-profile.html	1044	REVIEW_REQUIRED	Manual inspect only; source line content intentionally not copied
clerk-private-profile.html	1045	REVIEW_REQUIRED	Manual inspect only; source line content intentionally not copied
clerk-private-profile.html	1051	REVIEW_REQUIRED	Manual inspect only; source line content intentionally not copied
clerk-private-profile.html	1052	REVIEW_REQUIRED	Manual inspect only; source line content intentionally not copied
clerk-private-profile.html	1053	REVIEW_REQUIRED	Manual inspect only; source line content intentionally not copied
clerk-private-profile.html	1056	REVIEW_REQUIRED	Manual inspect only; source line content intentionally not copied
clerk-private-profile.html	1060	REVIEW_REQUIRED	Manual inspect only; source line content intentionally not copied
clerk-private-profile.html	1061	REVIEW_REQUIRED	Manual inspect only; source line content intentionally not copied
clerk-private-profile.html	1065	REVIEW_REQUIRED	Manual inspect only; source line content intentionally not copied
clerk-private-profile.html	1066	REVIEW_REQUIRED	Manual inspect only; source line content intentionally not copied
clerk-private-profile.html	1067	REVIEW_REQUIRED	Manual inspect only; source line content intentionally not copied
clerk-private-profile.html	1068	REVIEW_REQUIRED	Manual inspect only; source line content intentionally not copied
clerk-private-profile.html	1074	REVIEW_REQUIRED	Manual inspect only; source line content intentionally not copied
clerk-private-profile.html	1077	REVIEW_REQUIRED	Manual inspect only; source line content intentionally not copied
clerk-private-profile.html	1091	REVIEW_REQUIRED	Manual inspect only; source line content intentionally not copied
clerk-private-profile.html	1093	REVIEW_REQUIRED	Manual inspect only; source line content intentionally not copied
clerk-private-profile.html	1100	REVIEW_REQUIRED	Manual inspect only; source line content intentionally not copied
clerk-private-profile.html	1108	REVIEW_REQUIRED	Manual inspect only; source line content intentionally not copied
clerk-private-profile.html	1111	REVIEW_REQUIRED	Manual inspect only; source line content intentionally not copied
clerk-private-profile.html	1112	REVIEW_REQUIRED	Manual inspect only; source line content intentionally not copied
clerk-private-profile.html	1115	REVIEW_REQUIRED	Manual inspect only; source line content intentionally not copied
clerk-private-profile.html	1123	REVIEW_REQUIRED	Manual inspect only; source line content intentionally not copied
clerk-private-profile.html	1130	REVIEW_REQUIRED	Manual inspect only; source line content intentionally not copied
clerk-private-profile.html	1143	REVIEW_REQUIRED	Manual inspect only; source line content intentionally not copied
clerk-private-profile.html	1154	REVIEW_REQUIRED	Manual inspect only; source line content intentionally not copied
clerk-private-profile.html	1157	REVIEW_REQUIRED	Manual inspect only; source line content intentionally not copied
clerk-private-profile.html	1158	REVIEW_REQUIRED	Manual inspect only; source line content intentionally not copied
clerk-private-profile.html	1160	REVIEW_REQUIRED	Manual inspect only; source line content intentionally not copied
clerk-private-profile.html	1166	REVIEW_REQUIRED	Manual inspect only; source line content intentionally not copied
clerk-private-profile.html	1175	REVIEW_REQUIRED	Manual inspect only; source line content intentionally not copied
clerk-private-profile.html	1188	REVIEW_REQUIRED	Manual inspect only; source line content intentionally not copied
clerk-private-profile.html	1194	REVIEW_REQUIRED	Manual inspect only; source line content intentionally not copied
clerk-private-profile.html	1219	REVIEW_REQUIRED	Manual inspect only; source line content intentionally not copied
clerk-private-profile.html	1222	REVIEW_REQUIRED	Manual inspect only; source line content intentionally not copied
clerk-private-profile.html	1228	REVIEW_REQUIRED	Manual inspect only; source line content intentionally not copied
clerk-private-profile.html	1241	REVIEW_REQUIRED	Manual inspect only; source line content intentionally not copied
clerk-private-profile.html	1244	REVIEW_REQUIRED	Manual inspect only; source line content intentionally not copied
clerk-private-profile.html	1257	REVIEW_REQUIRED	Manual inspect only; source line content intentionally not copied
clerk-private-profile.html	1261	REVIEW_REQUIRED	Manual inspect only; source line content intentionally not copied
clerk-private-profile.html	1266	REVIEW_REQUIRED	Manual inspect only; source line content intentionally not copied
clerk-private-profile.html	1273	REVIEW_REQUIRED	Manual inspect only; source line content intentionally not copied
clerk-private-profile.html	1289	REVIEW_REQUIRED	Manual inspect only; source line content intentionally not copied
clerk-private-profile.html	1291	REVIEW_REQUIRED	Manual inspect only; source line content intentionally not copied
clerk-private-profile.html	1305	REVIEW_REQUIRED	Manual inspect only; source line content intentionally not copied
clerk-private-profile.html	1309	REVIEW_REQUIRED	Manual inspect only; source line content intentionally not copied
clerk-private-profile.html	1331	REVIEW_REQUIRED	Manual inspect only; source line content intentionally not copied
clerk-private-profile.html	1332	REVIEW_REQUIRED	Manual inspect only; source line content intentionally not copied
clerk-private-profile.html	1334	REVIEW_REQUIRED	Manual inspect only; source line content intentionally not copied
clerk-private-profile.html	1336	REVIEW_REQUIRED	Manual inspect only; source line content intentionally not copied
clerk-private-profile.html	1339	REVIEW_REQUIRED	Manual inspect only; source line content intentionally not copied
clerk-private-profile.html	1361	REVIEW_REQUIRED	Manual inspect only; source line content intentionally not copied
clerk-private-profile.html	1463	REVIEW_REQUIRED	Manual inspect only; source line content intentionally not copied
clerk-private-profile.html	1500	REVIEW_REQUIRED	Manual inspect only; source line content intentionally not copied
clerk-private-profile.html	1543	REVIEW_REQUIRED	Manual inspect only; source line content intentionally not copied
clerk-private-profile.html	1545	REVIEW_REQUIRED	Manual inspect only; source line content intentionally not copied
clerk-private-profile.html	1550	REVIEW_REQUIRED	Manual inspect only; source line content intentionally not copied
clerk-private-profile.html	1555	REVIEW_REQUIRED	Manual inspect only; source line content intentionally not copied
clerk-private-profile.html	1562	REVIEW_REQUIRED	Manual inspect only; source line content intentionally not copied
clerk-private-profile.html	1563	REVIEW_REQUIRED	Manual inspect only; source line content intentionally not copied
clerk-private-profile.html	1565	REVIEW_REQUIRED	Manual inspect only; source line content intentionally not copied
clerk-private-profile.html	1569	REVIEW_REQUIRED	Manual inspect only; source line content intentionally not copied
clerk-private-profile.html	1574	REVIEW_REQUIRED	Manual inspect only; source line content intentionally not copied
clerk-private-profile.html	1586	REVIEW_REQUIRED	Manual inspect only; source line content intentionally not copied
clerk-private-profile.html	1608	REVIEW_REQUIRED	Manual inspect only; source line content intentionally not copied
clerk-private-profile.html	1616	REVIEW_REQUIRED	Manual inspect only; source line content intentionally not copied
clerk-private-profile.html	1620	REVIEW_REQUIRED	Manual inspect only; source line content intentionally not copied
clerk-private-profile.html	1621	REVIEW_REQUIRED	Manual inspect only; source line content intentionally not copied
clerk-private-profile.html	1622	REVIEW_REQUIRED	Manual inspect only; source line content intentionally not copied
clerk-private-profile.html	1628	REVIEW_REQUIRED	Manual inspect only; source line content intentionally not copied
clerk-private-profile.html	1629	REVIEW_REQUIRED	Manual inspect only; source line content intentionally not copied
clerk-private-profile.html	1630	REVIEW_REQUIRED	Manual inspect only; source line content intentionally not copied
clerk-private-profile.html	1631	REVIEW_REQUIRED	Manual inspect only; source line content intentionally not copied
clerk-private-profile.html	1633	REVIEW_REQUIRED	Manual inspect only; source line content intentionally not copied
clerk-private-profile.html	1652	REVIEW_REQUIRED	Manual inspect only; source line content intentionally not copied
clerk-private-profile.html	1663	REVIEW_REQUIRED	Manual inspect only; source line content intentionally not copied
clerk-private-profile.html	1670	REVIEW_REQUIRED	Manual inspect only; source line content intentionally not copied
clerk-private-profile.html	1671	REVIEW_REQUIRED	Manual inspect only; source line content intentionally not copied
clerk-private-profile.html	1676	REVIEW_REQUIRED	Manual inspect only; source line content intentionally not copied
clerk-private-profile.html	1684	REVIEW_REQUIRED	Manual inspect only; source line content intentionally not copied
clerk-private-profile.html	1685	REVIEW_REQUIRED	Manual inspect only; source line content intentionally not copied
clerk-private-profile.html	1699	REVIEW_REQUIRED	Manual inspect only; source line content intentionally not copied
clerk-private-profile.html	1973	REVIEW_REQUIRED	Manual inspect only; source line content intentionally not copied
clerk-private-profile.html	1981	REVIEW_REQUIRED	Manual inspect only; source line content intentionally not copied
